countryKey,indicator,week_start,twh_week,wow_pct,yoy_pct
DE,Allocation,2019-10-28,15.55290029523,,
DE,Allocation,2019-11-04,,,
DE,Allocation,2019-11-11,,,
DE,Allocation,2019-11-18,,,
DE,Allocation,2019-11-25,8.7382402628,,
DE,Allocation,2019-12-02,8.9791836637,0.02757344655831151,
DE,Allocation,2019-12-09,,,
DE,Allocation,2019-12-16,,,
DE,Allocation,2019-12-23,,,
DE,Allocation,2019-12-30,16.5557564742,,
DE,Allocation,2020-01-06,,,
DE,Allocation,2020-01-13,,,
DE,Allocation,2020-01-20,,,
DE,Allocation,2020-01-27,16.66766909471,,
DE,Allocation,2020-02-03,,,
DE,Allocation,2020-02-10,,,
DE,Allocation,2020-02-17,,,
DE,Allocation,2020-02-24,8.3164656165,,
DE,Allocation,2020-03-02,9.1979659053,0.10599458104547321,
DE,Allocation,2020-03-09,,,
DE,Allocation,2020-03-16,,,
DE,Allocation,2020-03-23,,,
DE,Allocation,2020-03-30,18.2824312382,,
DE,Allocation,2020-04-06,,,
DE,Allocation,2020-04-13,,,
DE,Allocation,2020-04-20,,,
DE,Allocation,2020-04-27,16.67310812024,,
DE,Allocation,2020-05-04,,,
DE,Allocation,2020-05-11,,,
DE,Allocation,2020-05-18,,,
DE,Allocation,2020-05-25,,,
DE,Allocation,2020-06-01,17.75214486334,,
DE,Allocation,2020-06-08,,,
DE,Allocation,2020-06-15,,,
DE,Allocation,2020-06-22,,,
DE,Allocation,2020-06-29,14.150847913,,
DE,Allocation,2020-07-06,,,
DE,Allocation,2020-07-13,,,
DE,Allocation,2020-07-20,,,
DE,Allocation,2020-07-27,16.2793008394,,
DE,Allocation,2020-08-03,,,
DE,Allocation,2020-08-10,,,
DE,Allocation,2020-08-17,,,
DE,Allocation,2020-08-24,,,
DE,Allocation,2020-08-31,16.3017481836,,
DE,Allocation,2020-09-07,,,
DE,Allocation,2020-09-14,,,
DE,Allocation,2020-09-21,,,
DE,Allocation,2020-09-28,15.0482288223,,
DE,Allocation,2020-10-05,,,
DE,Allocation,2020-10-12,,,
DE,Allocation,2020-10-19,,,
DE,Allocation,2020-10-26,7.50423923532,,-0.5175022604869708
DE,Allocation,2020-11-02,7.5398889605,0.004750611495993873,
DE,Allocation,2020-11-09,,,
DE,Allocation,2020-11-16,,,
DE,Allocation,2020-11-23,,,
DE,Allocation,2020-11-30,19.8479489481,,1.2104402461817303
DE,Allocation,2020-12-07,,,
DE,Allocation,2020-12-14,,,
DE,Allocation,2020-12-21,,,
DE,Allocation,2020-12-28,18.1478203226,,0.09616376339438348
DE,Allocation,2021-01-04,,,
DE,Allocation,2021-01-11,,,
DE,Allocation,2021-01-18,,,
DE,Allocation,2021-01-25,,,
DE,Allocation,2021-02-01,19.2120225874,,
DE,Allocation,2021-02-08,,,
DE,Allocation,2021-02-15,,,
DE,Allocation,2021-02-22,,,
DE,Allocation,2021-03-01,16.911825583,,0.8386484313075309
DE,Allocation,2021-03-08,,,
DE,Allocation,2021-03-15,,,
DE,Allocation,2021-03-22,,,
DE,Allocation,2021-03-29,16.86334877535,,-0.07762000821230575
DE,Allocation,2021-04-05,,,
DE,Allocation,2021-04-12,,,
DE,Allocation,2021-04-19,,,
DE,Allocation,2021-04-26,15.30290158378,,-0.08218063042466939
DE,Allocation,2021-05-03,,,
DE,Allocation,2021-05-10,,,
DE,Allocation,2021-05-17,,,
DE,Allocation,2021-05-24,,,
DE,Allocation,2021-05-31,17.8147473817,,0.0035264763126894305
DE,Allocation,2021-06-07,,,
DE,Allocation,2021-06-14,,,
DE,Allocation,2021-06-21,,,
DE,Allocation,2021-06-28,14.6817600724,,0.037518045749913354
DE,Allocation,2021-07-05,,,
DE,Allocation,2021-07-12,,,
DE,Allocation,2021-07-19,,,
DE,Allocation,2021-07-26,7.2418960974,,-0.5551469827332639
DE,Allocation,2021-08-02,6.90815692069,-0.04608450221065996,
DE,Allocation,2021-08-09,,,
DE,Allocation,2021-08-16,,,
DE,Allocation,2021-08-23,,,
DE,Allocation,2021-08-30,20.3560913632,,0.24870603655126877
DE,Allocation,2021-09-06,,,
DE,Allocation,2021-09-13,,,
DE,Allocation,2021-09-20,,,
DE,Allocation,2021-09-27,18.28899405819,,0.21535858300396793
DE,Allocation,2021-10-04,,,
DE,Allocation,2021-10-11,,,
DE,Allocation,2021-10-18,,,
DE,Allocation,2021-10-25,,,
DE,Allocation,2021-11-01,15.8636731543,,1.1039664161377805
DE,Allocation,2021-11-08,,,
DE,Allocation,2021-11-15,,,
DE,Allocation,2021-11-22,,,
DE,Allocation,2021-11-29,18.9217396881,,-0.04666523792568822
DE,Allocation,2021-12-06,,,
DE,Allocation,2021-12-13,,,
DE,Allocation,2021-12-20,,,
DE,Allocation,2021-12-27,15.12194871368,,-0.16673471277163776
DE,Allocation,2022-01-03,2.83713345,-0.812383079474843,
DE,Allocation,2022-01-10,,,
DE,Allocation,2022-01-17,,,
DE,Allocation,2022-01-24,,,
DE,Allocation,2022-01-31,17.9837969124,,-0.06393005574569333
DE,Allocation,2022-02-07,,,
DE,Allocation,2022-02-14,,,
DE,Allocation,2022-02-21,,,
DE,Allocation,2022-02-28,20.9605616718,,0.23940266347530503
DE,Allocation,2022-03-07,,,
DE,Allocation,2022-03-14,,,
DE,Allocation,2022-03-21,,,
DE,Allocation,2022-03-28,22.7744306321,,0.3505283520785931
DE,Allocation,2022-04-04,,,
DE,Allocation,2022-04-11,,,
DE,Allocation,2022-04-18,,,
DE,Allocation,2022-04-25,8.41478739627,,-0.45011817855581826
DE,Allocation,2022-05-02,12.501585838,0.485668650825515,
DE,Allocation,2022-05-09,,,
DE,Allocation,2022-05-16,,,
DE,Allocation,2022-05-23,,,
DE,Allocation,2022-05-30,19.5517304852,,0.0975025391201616
DE,Allocation,2022-06-06,,,
DE,Allocation,2022-06-13,,,
DE,Allocation,2022-06-20,,,
DE,Allocation,2022-06-27,13.90101758408,,-0.053177717417389525
DE,Allocation,2022-07-04,,,
DE,Allocation,2022-07-11,,,
DE,Allocation,2022-07-18,,,
DE,Allocation,2022-07-25,,,
DE,Allocation,2022-08-01,11.56690720109,,0.6743839686743358
DE,Allocation,2022-08-08,,,
DE,Allocation,2022-08-15,,,
DE,Allocation,2022-08-22,,,
DE,Allocation,2022-08-29,10.3619747679,,-0.4909644202799901
DE,Allocation,2022-09-05,,,
DE,Allocation,2022-09-12,,,
DE,Allocation,2022-09-19,,,
DE,Allocation,2022-09-26,8.4577843345,,-0.5375478658044335
DE,Allocation,2022-10-03,1.527008482,-0.8194552590125517,
DE,Allocation,2022-10-10,,,
DE,Allocation,2022-10-17,,,
DE,Allocation,2022-10-24,,,
DE,Allocation,2022-10-31,9.37752275858,,-0.4088681311466549
DE,Allocation,2022-11-07,,,
DE,Allocation,2022-11-14,,,
DE,Allocation,2022-11-21,,,
DE,Allocation,2022-11-28,8.0321699308,,-0.5755057376753004
DE,Allocation,2022-12-05,,,
DE,Allocation,2022-12-12,,,
DE,Allocation,2022-12-19,,,
DE,Allocation,2022-12-26,3.8207767696199997,,-0.7473356878823725
DE,Allocation,2023-01-02,3.76107580678,-0.015625347001347434,0.3256605207555534
DE,Allocation,2023-01-09,,,
DE,Allocation,2023-01-16,,,
DE,Allocation,2023-01-23,,,
DE,Allocation,2023-01-30,9.3679329313,,-0.47909037357729933
DE,Allocation,2023-02-06,,,
DE,Allocation,2023-02-13,,,
DE,Allocation,2023-02-20,,,
DE,Allocation,2023-02-27,9.9389047419,,-0.5258283199885984
DE,Allocation,2023-03-06,,,
DE,Allocation,2023-03-13,,,
DE,Allocation,2023-03-20,,,
DE,Allocation,2023-03-27,7.65175191472,,-0.6640200566008863
DE,Allocation,2023-04-03,,,
DE,Allocation,2023-04-10,,,
DE,Allocation,2023-04-17,,,
DE,Allocation,2023-04-24,,,
DE,Allocation,2023-05-01,8.983128037330001,,-0.2814409184773379
DE,Allocation,2023-05-08,,,
DE,Allocation,2023-05-15,,,
DE,Allocation,2023-05-22,,,
DE,Allocation,2023-05-29,7.1473776107800004,,-0.6344375953734467
DE,Allocation,2023-06-05,,,
DE,Allocation,2023-06-12,,,
DE,Allocation,2023-06-19,,,
DE,Allocation,2023-06-26,6.7336024094199995,,-0.5156036334252545
DE,Allocation,2023-07-03,,,
DE,Allocation,2023-07-10,,,
DE,Allocation,2023-07-17,,,
DE,Allocation,2023-07-24,,,
DE,Allocation,2023-07-31,7.15805135723,,-0.3811611666984356
DE,Allocation,2023-08-07,,,
DE,Allocation,2023-08-14,,,
DE,Allocation,2023-08-21,,,
DE,Allocation,2023-08-28,5.50888456673,,-0.46835572464470954
DE,Allocation,2023-09-04,,,
DE,Allocation,2023-09-11,,,
DE,Allocation,2023-09-18,,,
DE,Allocation,2023-09-25,3.09709982326,,-0.6338166473899465
DE,Allocation,2023-10-02,2.8326623216,-0.08538229852134827,0.8550403321204341
DE,Allocation,2023-10-09,,,
DE,Allocation,2023-10-16,,,
DE,Allocation,2023-10-23,,,
DE,Allocation,2023-10-30,6.375242916,,-0.32015703079291935
DE,Allocation,2023-11-06,,,
DE,Allocation,2023-11-13,,,
DE,Allocation,2023-11-20,,,
DE,Allocation,2023-11-27,9.6751869726,,0.20455456694208118
DE,Allocation,2023-12-04,,,
DE,Allocation,2023-12-11,,,
DE,Allocation,2023-12-18,,,
DE,Allocation,2023-12-25,,,
DE,Allocation,2024-01-01,8.25069056944,,1.1937049379772353
DE,Allocation,2024-01-08,,,
DE,Allocation,2024-01-15,,,
DE,Allocation,2024-01-22,,,
DE,Allocation,2024-01-29,8.399903675000001,,-0.10333434957306686
DE,Allocation,2024-02-05,,,
DE,Allocation,2024-02-12,,,
DE,Allocation,2024-02-19,,,
DE,Allocation,2024-02-26,7.9523431495,,-0.19987731485393367
DE,Allocation,2024-03-04,,,
DE,Allocation,2024-03-11,,,
DE,Allocation,2024-03-18,,,
DE,Allocation,2024-03-25,,,
DE,Allocation,2024-04-01,6.60889501899,,
DE,Allocation,2024-04-08,,,
DE,Allocation,2024-04-15,,,
DE,Allocation,2024-04-22,,,
DE,Allocation,2024-04-29,6.69173767212,,-0.25507711297089075
DE,Allocation,2024-05-06,,,
DE,Allocation,2024-05-13,,,
DE,Allocation,2024-05-20,,,
DE,Allocation,2024-05-27,5.9756186244,,-0.16394250453658699
DE,Allocation,2024-06-03,0.34799610400000003,-0.9417640037168634,
DE,Allocation,2024-06-10,,,
DE,Allocation,2024-06-17,,,
DE,Allocation,2024-06-24,,,
DE,Allocation,2024-07-01,6.950397358,,
DE,Allocation,2024-07-08,,,
DE,Allocation,2024-07-15,,,
DE,Allocation,2024-07-22,,,
DE,Allocation,2024-07-29,5.4965972843,,-0.2321098285012786
DE,Allocation,2024-08-05,,,
DE,Allocation,2024-08-12,,,
DE,Allocation,2024-08-19,,,
DE,Allocation,2024-08-26,2.5539755297,,-0.5363897175983112
DE,Allocation,2024-09-02,3.7248258497,0.45844226241961383,
DE,Allocation,2024-09-09,,,
DE,Allocation,2024-09-16,,,
DE,Allocation,2024-09-23,,,
DE,Allocation,2024-09-30,6.2192109602,,1.1955355965927992
DE,Allocation,2024-10-07,,,
DE,Allocation,2024-10-14,,,
DE,Allocation,2024-10-21,,,
DE,Allocation,2024-10-28,7.481031,,0.17345034511936697
DE,Allocation,2024-11-04,,,
DE,Allocation,2024-11-11,,,
DE,Allocation,2024-11-18,,,
DE,Allocation,2024-11-25,3.8218756297,,-0.6049817289812072
DE,Allocation,2024-12-02,5.9497396419,0.5567590937978868,
DE,Allocation,2024-12-09,,,
DE,Allocation,2024-12-16,,,
DE,Allocation,2024-12-23,,,
DE,Allocation,2024-12-30,10.6347382101,,0.2889512848161282
DE,Allocation,2025-01-06,,,
DE,Allocation,2025-01-13,,,
DE,Allocation,2025-01-20,,,
DE,Allocation,2025-01-27,8.8831405534,,0.05752885950802278
DE,Allocation,2025-02-03,2.604848302,-0.7067649345024716,
DE,Allocation,2025-02-10,,,
DE,Allocation,2025-02-17,,,
DE,Allocation,2025-02-24,8.3158246979,,0.045707477854857625
DE,Allocation,2025-03-03,2.099335527,-0.7475493287478575,
DE,Allocation,2025-03-10,,,
DE,Allocation,2025-03-17,,,
DE,Allocation,2025-03-24,,,
DE,Allocation,2025-03-31,9.98878679247,,0.5114155639888693
DE,Allocation,2025-04-07,,,
DE,Allocation,2025-04-14,,,
DE,Allocation,2025-04-21,,,
DE,Allocation,2025-04-28,10.144950980219999,,0.5160413449091454
DE,Allocation,2025-05-05,,,
DE,Allocation,2025-05-12,,,
DE,Allocation,2025-05-19,,,
DE,Allocation,2025-05-26,4.6683697336,,-0.21876377542940317
DE,Allocation,2025-06-02,4.6607513518,-0.0016319148299602793,12.39311359589244
DE,Allocation,2025-06-09,,,
DE,Allocation,2025-06-16,,,
DE,Allocation,2025-06-23,,,
DE,Allocation,2025-06-30,10.7273504607,,0.5434154204655186
DE,Allocation,2025-07-07,,,
DE,Allocation,2025-07-14,,,
DE,Allocation,2025-07-21,,,
DE,Allocation,2025-07-28,10.31811169723,,0.8771816750522641
DE,Allocation,2025-08-04,,,
DE,Allocation,2025-08-11,,,
DE,Allocation,2025-08-18,,,
DE,Allocation,2025-08-25,,,
DE,Allocation,2025-09-01,8.6679888657,,1.3270856720450772
DE,Allocation,2025-09-08,,,
DE,Allocation,2025-09-15,,,
DE,Allocation,2025-09-22,,,
DE,Allocation,2025-09-29,8.4582912373,,0.3600264231956516
DE,Allocation,2025-10-06,,,
DE,Allocation,2025-10-13,,,
DE,Allocation,2025-10-20,,,
DE,Allocation,2025-10-27,8.05943421109,,0.07731597571110194
DE,Allocation,2025-11-03,1.505955892,-0.8131437204453181,
DE,Allocation,2025-11-10,,,
DE,Allocation,2025-11-17,,,
DE,Allocation,2025-11-24,,,
DE,Allocation,2025-12-01,11.9043170557,,1.0008131064872035
DE,Allocation,2025-12-08,,,
DE,Allocation,2025-12-15,,,
DE,Allocation,2025-12-22,,,
DE,Allocation,2025-12-29,11.2206634933,,0.055095412000225386
DE,Allocation,2026-01-05,,,
DE,Allocation,2026-01-12,,,
DE,Allocation,2026-01-19,,,
DE,Allocation,2026-01-26,5.0896467384,,-0.4270442184490766
DE,Allocation,2026-02-02,8.257794535,0.6224690945045728,2.1701633176333814
DE,Allocation,2026-02-09,,,
DE,Allocation,2026-02-16,,,
DE,Allocation,2026-02-23,4.6119031924,,-0.445406395644121
DE,Allocation,2026-03-02,5.9236216819,0.28442021325633937,1.8216650486380304
DE,Allocation,2026-03-09,,,
DE,Allocation,2026-03-16,,,
DE,Allocation,2026-03-23,,,
DE,Allocation,2026-03-30,11.0232903301,,0.10356648501195909
DE,Physical Flow,2019-10-28,26.165968446144,,
DE,Physical Flow,2019-11-04,,,
DE,Physical Flow,2019-11-11,,,
DE,Physical Flow,2019-11-18,,,
DE,Physical Flow,2019-11-25,14.032774536399,,
DE,Physical Flow,2019-12-02,14.208553924865,0.012526345948910889,
DE,Physical Flow,2019-12-09,,,
DE,Physical Flow,2019-12-16,,,
DE,Physical Flow,2019-12-23,,,
DE,Physical Flow,2019-12-30,32.88604296619,,
DE,Physical Flow,2020-01-06,,,
DE,Physical Flow,2020-01-13,,,
DE,Physical Flow,2020-01-20,,,
DE,Physical Flow,2020-01-27,31.422146766672,,
DE,Physical Flow,2020-02-03,,,
DE,Physical Flow,2020-02-10,,,
DE,Physical Flow,2020-02-17,,,
DE,Physical Flow,2020-02-24,16.115030284452,,
DE,Physical Flow,2020-03-02,17.686451902338,0.09751279334560903,
DE,Physical Flow,2020-03-09,,,
DE,Physical Flow,2020-03-16,,,
DE,Physical Flow,2020-03-23,,,
DE,Physical Flow,2020-03-30,35.893285358821,,
DE,Physical Flow,2020-04-06,,,
DE,Physical Flow,2020-04-13,,,
DE,Physical Flow,2020-04-20,,,
DE,Physical Flow,2020-04-27,32.376448611838,,
DE,Physical Flow,2020-05-04,,,
DE,Physical Flow,2020-05-11,,,
DE,Physical Flow,2020-05-18,,,
DE,Physical Flow,2020-05-25,,,
DE,Physical Flow,2020-06-01,30.560786251047,,
DE,Physical Flow,2020-06-08,,,
DE,Physical Flow,2020-06-15,,,
DE,Physical Flow,2020-06-22,,,
DE,Physical Flow,2020-06-29,29.165319501023,,
DE,Physical Flow,2020-07-06,,,
DE,Physical Flow,2020-07-13,,,
DE,Physical Flow,2020-07-20,,,
DE,Physical Flow,2020-07-27,29.687328171211,,
DE,Physical Flow,2020-08-03,,,
DE,Physical Flow,2020-08-10,,,
DE,Physical Flow,2020-08-17,,,
DE,Physical Flow,2020-08-24,,,
DE,Physical Flow,2020-08-31,32.893563918672,,
DE,Physical Flow,2020-09-07,,,
DE,Physical Flow,2020-09-14,,,
DE,Physical Flow,2020-09-21,,,
DE,Physical Flow,2020-09-28,29.982214723906,,
DE,Physical Flow,2020-10-05,,,
DE,Physical Flow,2020-10-12,,,
DE,Physical Flow,2020-10-19,,,
DE,Physical Flow,2020-10-26,14.672479853862,,-0.43925332310701304
DE,Physical Flow,2020-11-02,15.039659532393,0.02502505930750032,
DE,Physical Flow,2020-11-09,,,
DE,Physical Flow,2020-11-16,,,
DE,Physical Flow,2020-11-23,,,
DE,Physical Flow,2020-11-30,36.774274882584,,1.588178577288498
DE,Physical Flow,2020-12-07,,,
DE,Physical Flow,2020-12-14,,,
DE,Physical Flow,2020-12-21,,,
DE,Physical Flow,2020-12-28,37.927289294062,,0.15329440313189657
DE,Physical Flow,2021-01-04,,,
DE,Physical Flow,2021-01-11,,,
DE,Physical Flow,2021-01-18,,,
DE,Physical Flow,2021-01-25,,,
DE,Physical Flow,2021-02-01,35.539464616791,,
DE,Physical Flow,2021-02-08,,,
DE,Physical Flow,2021-02-15,,,
DE,Physical Flow,2021-02-22,,,
DE,Physical Flow,2021-03-01,33.322691756843,,0.8840800823616872
DE,Physical Flow,2021-03-08,,,
DE,Physical Flow,2021-03-15,,,
DE,Physical Flow,2021-03-22,,,
DE,Physical Flow,2021-03-29,35.420344719776,,-0.013176298416739174
DE,Physical Flow,2021-04-05,,,
DE,Physical Flow,2021-04-12,,,
DE,Physical Flow,2021-04-19,,,
DE,Physical Flow,2021-04-26,37.433611174437,,0.1561988043602136
DE,Physical Flow,2021-05-03,,,
DE,Physical Flow,2021-05-10,,,
DE,Physical Flow,2021-05-17,,,
DE,Physical Flow,2021-05-24,,,
DE,Physical Flow,2021-05-31,37.94954535097,,0.24177254600803555
DE,Physical Flow,2021-06-07,,,
DE,Physical Flow,2021-06-14,,,
DE,Physical Flow,2021-06-21,,,
DE,Physical Flow,2021-06-28,29.399031070052,,0.008013338205357323
DE,Physical Flow,2021-07-05,,,
DE,Physical Flow,2021-07-12,,,
DE,Physical Flow,2021-07-19,,,
DE,Physical Flow,2021-07-26,16.957044135882,,-0.42881204943441387
DE,Physical Flow,2021-08-02,16.892579453708,-0.0038016461865303386,
DE,Physical Flow,2021-08-09,,,
DE,Physical Flow,2021-08-16,,,
DE,Physical Flow,2021-08-23,,,
DE,Physical Flow,2021-08-30,43.498452738374,,0.32240011589872575
DE,Physical Flow,2021-09-06,,,
DE,Physical Flow,2021-09-13,,,
DE,Physical Flow,2021-09-20,,,
DE,Physical Flow,2021-09-27,27.571099257069,,-0.08041819088549595
DE,Physical Flow,2021-10-04,,,
DE,Physical Flow,2021-10-11,,,
DE,Physical Flow,2021-10-18,,,
DE,Physical Flow,2021-10-25,,,
DE,Physical Flow,2021-11-01,23.19566153588,,0.5422996435471354
DE,Physical Flow,2021-11-08,,,
DE,Physical Flow,2021-11-15,,,
DE,Physical Flow,2021-11-22,,,
DE,Physical Flow,2021-11-29,31.195836380475,,-0.1516940448158477
DE,Physical Flow,2021-12-06,,,
DE,Physical Flow,2021-12-13,,,
DE,Physical Flow,2021-12-20,,,
DE,Physical Flow,2021-12-27,27.162880052766,,-0.2838169940866643
DE,Physical Flow,2022-01-03,,,
DE,Physical Flow,2022-01-10,,,
DE,Physical Flow,2022-01-17,,,
DE,Physical Flow,2022-01-24,,,
DE,Physical Flow,2022-01-31,27.449999560755998,,-0.2276192155188812
DE,Physical Flow,2022-02-07,,,
DE,Physical Flow,2022-02-14,,,
DE,Physical Flow,2022-02-21,,,
DE,Physical Flow,2022-02-28,27.954188189415,,-0.16110653984984713
DE,Physical Flow,2022-03-07,,,
DE,Physical Flow,2022-03-14,,,
DE,Physical Flow,2022-03-21,,,
DE,Physical Flow,2022-03-28,26.4094873282,,-0.25439778926106915
DE,Physical Flow,2022-04-04,,,
DE,Physical Flow,2022-04-11,,,
DE,Physical Flow,2022-04-18,,,
DE,Physical Flow,2022-04-25,14.49005680228,,-0.6129131989228145
DE,Physical Flow,2022-05-02,14.467772133725001,-0.0015379283089830276,
DE,Physical Flow,2022-05-09,,,
DE,Physical Flow,2022-05-16,,,
DE,Physical Flow,2022-05-23,,,
DE,Physical Flow,2022-05-30,29.512215120664,,-0.22233020586346341
DE,Physical Flow,2022-06-06,,,
DE,Physical Flow,2022-06-13,,,
DE,Physical Flow,2022-06-20,,,
DE,Physical Flow,2022-06-27,23.708290151467,,-0.19356899569326302
DE,Physical Flow,2022-07-04,,,
DE,Physical Flow,2022-07-11,,,
DE,Physical Flow,2022-07-18,,,
DE,Physical Flow,2022-07-25,,,
DE,Physical Flow,2022-08-01,19.56440118282473,,0.15816540845277816
DE,Physical Flow,2022-08-08,,,
DE,Physical Flow,2022-08-15,,,
DE,Physical Flow,2022-08-22,,,
DE,Physical Flow,2022-08-29,16.756677870116,,-0.6147753123335031
DE,Physical Flow,2022-09-05,,,
DE,Physical Flow,2022-09-12,,,
DE,Physical Flow,2022-09-19,,,
DE,Physical Flow,2022-09-26,16.065693487348,,-0.4172994940261988
DE,Physical Flow,2022-10-03,,,
DE,Physical Flow,2022-10-10,,,
DE,Physical Flow,2022-10-17,,,
DE,Physical Flow,2022-10-24,,,
DE,Physical Flow,2022-10-31,17.050874092891,,-0.2649110668166972
DE,Physical Flow,2022-11-07,,,
DE,Physical Flow,2022-11-14,,,
DE,Physical Flow,2022-11-21,,,
DE,Physical Flow,2022-11-28,14.455865767285,,-0.5366091297897464
DE,Physical Flow,2022-12-05,,,
DE,Physical Flow,2022-12-12,,,
DE,Physical Flow,2022-12-19,,,
DE,Physical Flow,2022-12-26,7.503205678429,,-0.7237698777208661
DE,Physical Flow,2023-01-02,7.368117383542001,-0.01800407728064357,
DE,Physical Flow,2023-01-09,,,
DE,Physical Flow,2023-01-16,,,
DE,Physical Flow,2023-01-23,,,
DE,Physical Flow,2023-01-30,16.913796399329,,-0.38383254389883936
DE,Physical Flow,2023-02-06,,,
DE,Physical Flow,2023-02-13,,,
DE,Physical Flow,2023-02-20,,,
DE,Physical Flow,2023-02-27,18.144529740914,,-0.35091909598775184
DE,Physical Flow,2023-03-06,,,
DE,Physical Flow,2023-03-13,,,
DE,Physical Flow,2023-03-20,,,
DE,Physical Flow,2023-03-27,14.223227889105,,-0.46143491116098023
DE,Physical Flow,2023-04-03,,,
DE,Physical Flow,2023-04-10,,,
DE,Physical Flow,2023-04-17,,,
DE,Physical Flow,2023-04-24,,,
DE,Physical Flow,2023-05-01,16.941489224042,,0.170981203425969
DE,Physical Flow,2023-05-08,,,
DE,Physical Flow,2023-05-15,,,
DE,Physical Flow,2023-05-22,,,
DE,Physical Flow,2023-05-29,13.636320324337,,-0.5379431781523896
DE,Physical Flow,2023-06-05,,,
DE,Physical Flow,2023-06-12,,,
DE,Physical Flow,2023-06-19,,,
DE,Physical Flow,2023-06-26,13.29014842265,,-0.4394303284740404
DE,Physical Flow,2023-07-03,,,
DE,Physical Flow,2023-07-10,,,
DE,Physical Flow,2023-07-17,,,
DE,Physical Flow,2023-07-24,,,
DE,Physical Flow,2023-07-31,13.45178631544,,-0.3124355716417683
DE,Physical Flow,2023-08-07,,,
DE,Physical Flow,2023-08-14,,,
DE,Physical Flow,2023-08-21,,,
DE,Physical Flow,2023-08-28,10.03077047133,,-0.4013866860077939
DE,Physical Flow,2023-09-04,,,
DE,Physical Flow,2023-09-11,,,
DE,Physical Flow,2023-09-18,,,
DE,Physical Flow,2023-09-25,5.356549093623,,-0.6665846327865417
DE,Physical Flow,2023-10-02,5.043800614898,-0.058386187311776694,
DE,Physical Flow,2023-10-09,,,
DE,Physical Flow,2023-10-16,,,
DE,Physical Flow,2023-10-23,,,
DE,Physical Flow,2023-10-30,11.48939398835,,-0.3261697948294475
DE,Physical Flow,2023-11-06,,,
DE,Physical Flow,2023-11-13,,,
DE,Physical Flow,2023-11-20,,,
DE,Physical Flow,2023-11-27,16.197615507129,,0.12048740406719505
DE,Physical Flow,2023-12-04,,,
DE,Physical Flow,2023-12-11,,,
DE,Physical Flow,2023-12-18,,,
DE,Physical Flow,2023-12-25,,,
DE,Physical Flow,2024-01-01,12.2065355877518,,0.6566695333895285
DE,Physical Flow,2024-01-08,,,
DE,Physical Flow,2024-01-15,,,
DE,Physical Flow,2024-01-22,,,
DE,Physical Flow,2024-01-29,13.781512396588,,-0.185191067031247
DE,Physical Flow,2024-02-05,,,
DE,Physical Flow,2024-02-12,,,
DE,Physical Flow,2024-02-19,,,
DE,Physical Flow,2024-02-26,12.462211812471,,-0.3131697547184137
DE,Physical Flow,2024-03-04,,,
DE,Physical Flow,2024-03-11,,,
DE,Physical Flow,2024-03-18,,,
DE,Physical Flow,2024-03-25,,,
DE,Physical Flow,2024-04-01,10.774782560894,,
DE,Physical Flow,2024-04-08,,,
DE,Physical Flow,2024-04-15,,,
DE,Physical Flow,2024-04-22,,,
DE,Physical Flow,2024-04-29,10.683795774437,,-0.36937091933598054
DE,Physical Flow,2024-05-06,,,
DE,Physical Flow,2024-05-13,,,
DE,Physical Flow,2024-05-20,,,
DE,Physical Flow,2024-05-27,10.739010383485,,-0.2124700705131658
DE,Physical Flow,2024-06-03,,,
DE,Physical Flow,2024-06-10,,,
DE,Physical Flow,2024-06-17,,,
DE,Physical Flow,2024-06-24,,,
DE,Physical Flow,2024-07-01,11.63399033889,,
DE,Physical Flow,2024-07-08,,,
DE,Physical Flow,2024-07-15,,,
DE,Physical Flow,2024-07-22,,,
DE,Physical Flow,2024-07-29,10.325453856009,,-0.23241020828903491
DE,Physical Flow,2024-08-05,,,
DE,Physical Flow,2024-08-12,,,
DE,Physical Flow,2024-08-19,,,
DE,Physical Flow,2024-08-26,3.526093456992,,-0.6484723215359878
DE,Physical Flow,2024-09-02,3.620783220161,0.026854014031090667,
DE,Physical Flow,2024-09-09,,,
DE,Physical Flow,2024-09-16,,,
DE,Physical Flow,2024-09-23,,,
DE,Physical Flow,2024-09-30,7.965688591506,,0.5793028312771813
DE,Physical Flow,2024-10-07,,,
DE,Physical Flow,2024-10-14,,,
DE,Physical Flow,2024-10-21,,,
DE,Physical Flow,2024-10-28,11.407973056615,,-0.007086616736927898
DE,Physical Flow,2024-11-04,,,
DE,Physical Flow,2024-11-11,,,
DE,Physical Flow,2024-11-18,,,
DE,Physical Flow,2024-11-25,6.282816925877,,-0.6121147015058009
DE,Physical Flow,2024-12-02,6.613415530447,0.052619487161621015,
DE,Physical Flow,2024-12-09,,,
DE,Physical Flow,2024-12-16,,,
DE,Physical Flow,2024-12-23,,,
DE,Physical Flow,2024-12-30,14.243507913004,,0.16687554880814215
DE,Physical Flow,2025-01-06,,,
DE,Physical Flow,2025-01-13,,,
DE,Physical Flow,2025-01-20,,,
DE,Physical Flow,2025-01-27,12.87849223346,,-0.06552402502294086
DE,Physical Flow,2025-02-03,,,
DE,Physical Flow,2025-02-10,,,
DE,Physical Flow,2025-02-17,,,
DE,Physical Flow,2025-02-24,12.387328381663,,-0.006008839517000042
DE,Physical Flow,2025-03-03,,,
DE,Physical Flow,2025-03-10,,,
DE,Physical Flow,2025-03-17,,,
DE,Physical Flow,2025-03-24,,,
DE,Physical Flow,2025-03-31,11.512712904131,,0.0684867967466225
DE,Physical Flow,2025-04-07,,,
DE,Physical Flow,2025-04-14,,,
DE,Physical Flow,2025-04-21,,,
DE,Physical Flow,2025-04-28,15.340023985956,,0.4358215291478995
DE,Physical Flow,2025-05-05,,,
DE,Physical Flow,2025-05-12,,,
DE,Physical Flow,2025-05-19,,,
DE,Physical Flow,2025-05-26,6.67683188877,,-0.37826376450497023
DE,Physical Flow,2025-06-02,6.128422140802,-0.08213622225390904,
DE,Physical Flow,2025-06-09,,,
DE,Physical Flow,2025-06-16,,,
DE,Physical Flow,2025-06-23,,,
DE,Physical Flow,2025-06-30,13.911545822268,,0.19576735213236418
DE,Physical Flow,2025-07-07,,,
DE,Physical Flow,2025-07-14,,,
DE,Physical Flow,2025-07-21,,,
DE,Physical Flow,2025-07-28,13.55670021774,,0.31293988688454055
DE,Physical Flow,2025-08-04,,,
DE,Physical Flow,2025-08-11,,,
DE,Physical Flow,2025-08-18,,,
DE,Physical Flow,2025-08-25,,,
DE,Physical Flow,2025-09-01,12.249181284909,,2.383019788841248
DE,Physical Flow,2025-09-08,,,
DE,Physical Flow,2025-09-15,,,
DE,Physical Flow,2025-09-22,,,
DE,Physical Flow,2025-09-29,10.560845504423,,0.32579191153471365
DE,Physical Flow,2025-10-06,,,
DE,Physical Flow,2025-10-13,,,
DE,Physical Flow,2025-10-20,,,
DE,Physical Flow,2025-10-27,12.25056722393,,0.07386011197023423
DE,Physical Flow,2025-11-03,,,
DE,Physical Flow,2025-11-10,,,
DE,Physical Flow,2025-11-17,,,
DE,Physical Flow,2025-11-24,,,
DE,Physical Flow,2025-12-01,15.863054838592,,1.3986175926132707
DE,Physical Flow,2025-12-08,,,
DE,Physical Flow,2025-12-15,,,
DE,Physical Flow,2025-12-22,,,
DE,Physical Flow,2025-12-29,14.530738545943,,0.020165722846740897
DE,Physical Flow,2026-01-05,,,
DE,Physical Flow,2026-01-12,,,
DE,Physical Flow,2026-01-19,,,
DE,Physical Flow,2026-01-26,7.79908062729,,-0.3944104258550567
DE,Physical Flow,2026-02-02,9.310559480664,0.19380218330929133,
DE,Physical Flow,2026-02-09,,,
DE,Physical Flow,2026-02-16,,,
DE,Physical Flow,2026-02-23,6.51380608774,,-0.4741556946708213
DE,Physical Flow,2026-03-02,6.78264098634,0.0412715538317896,
DE,Physical Flow,2026-03-09,,,
DE,Physical Flow,2026-03-16,,,
DE,Physical Flow,2026-03-23,,,
DE,Physical Flow,2026-03-30,14.010320980144,,0.21694348645807082
DE,Physical Flow,2026-04-06,,,
DE,Physical Flow,2026-04-13,,,
DE,Physical Flow,2026-04-20,,,
ES,Allocation,2019-10-28,2.83779139,,
ES,Allocation,2019-11-04,,,
ES,Allocation,2019-11-11,,,
ES,Allocation,2019-11-18,,,
ES,Allocation,2019-11-25,1.933009054,,
ES,Allocation,2019-12-02,2.248133884,0.16302294567524567,
ES,Allocation,2019-12-09,,,
ES,Allocation,2019-12-16,,,
ES,Allocation,2019-12-23,,,
ES,Allocation,2019-12-30,3.849261558,,
ES,Allocation,2020-01-06,,,
ES,Allocation,2020-01-13,,,
ES,Allocation,2020-01-20,,,
ES,Allocation,2020-01-27,3.11659664,,
ES,Allocation,2020-02-03,,,
ES,Allocation,2020-02-10,,,
ES,Allocation,2020-02-17,,,
ES,Allocation,2020-02-24,1.39045698,,
ES,Allocation,2020-03-02,1.615309771,0.16171143317213588,
ES,Allocation,2020-03-09,,,
ES,Allocation,2020-03-16,,,
ES,Allocation,2020-03-23,,,
ES,Allocation,2020-03-30,3.278881159,,
ES,Allocation,2020-04-06,,,
ES,Allocation,2020-04-13,,,
ES,Allocation,2020-04-20,,,
ES,Allocation,2020-04-27,2.550715389,,
ES,Allocation,2020-05-04,,,
ES,Allocation,2020-05-11,,,
ES,Allocation,2020-05-18,,,
ES,Allocation,2020-05-25,,,
ES,Allocation,2020-06-01,3.401388921,,
ES,Allocation,2020-06-08,,,
ES,Allocation,2020-06-15,,,
ES,Allocation,2020-06-22,,,
ES,Allocation,2020-06-29,4.016581853,,
ES,Allocation,2020-07-06,,,
ES,Allocation,2020-07-13,,,
ES,Allocation,2020-07-20,,,
ES,Allocation,2020-07-27,3.342452861,,
ES,Allocation,2020-08-03,,,
ES,Allocation,2020-08-10,,,
ES,Allocation,2020-08-17,,,
ES,Allocation,2020-08-24,,,
ES,Allocation,2020-08-31,3.948269078,,
ES,Allocation,2020-09-07,,,
ES,Allocation,2020-09-14,,,
ES,Allocation,2020-09-21,,,
ES,Allocation,2020-09-28,3.4151540860000003,,
ES,Allocation,2020-10-05,,,
ES,Allocation,2020-10-12,,,
ES,Allocation,2020-10-19,,,
ES,Allocation,2020-10-26,1.454118359,,-0.4875880009629602
ES,Allocation,2020-11-02,1.681838655,0.15660368675669822,
ES,Allocation,2020-11-09,,,
ES,Allocation,2020-11-16,,,
ES,Allocation,2020-11-23,,,
ES,Allocation,2020-11-30,4.409204756,,0.9612732085844049
ES,Allocation,2020-12-07,,,
ES,Allocation,2020-12-14,,,
ES,Allocation,2020-12-21,,,
ES,Allocation,2020-12-28,3.526032609,,-0.08397167719824761
ES,Allocation,2021-01-04,,,
ES,Allocation,2021-01-11,,,
ES,Allocation,2021-01-18,,,
ES,Allocation,2021-01-25,,,
ES,Allocation,2021-02-01,3.447910517,,
ES,Allocation,2021-02-08,,,
ES,Allocation,2021-02-15,,,
ES,Allocation,2021-02-22,,,
ES,Allocation,2021-03-01,3.779534296,,1.3398201161503405
ES,Allocation,2021-03-08,,,
ES,Allocation,2021-03-15,,,
ES,Allocation,2021-03-22,,,
ES,Allocation,2021-03-29,3.218840291,,-0.018311388881904977
ES,Allocation,2021-04-05,,,
ES,Allocation,2021-04-12,,,
ES,Allocation,2021-04-19,,,
ES,Allocation,2021-04-26,3.308146617,,0.29694854677492977
ES,Allocation,2021-05-03,,,
ES,Allocation,2021-05-10,,,
ES,Allocation,2021-05-17,,,
ES,Allocation,2021-05-24,,,
ES,Allocation,2021-05-31,3.736834463,,0.09862016658223838
ES,Allocation,2021-06-07,,,
ES,Allocation,2021-06-14,,,
ES,Allocation,2021-06-21,,,
ES,Allocation,2021-06-28,3.657584148,,-0.08937890926631131
ES,Allocation,2021-07-05,,,
ES,Allocation,2021-07-12,,,
ES,Allocation,2021-07-19,,,
ES,Allocation,2021-07-26,1.455998953,,-0.564392075655364
ES,Allocation,2021-08-02,1.633993131,0.12224883653470608,
ES,Allocation,2021-08-09,,,
ES,Allocation,2021-08-16,,,
ES,Allocation,2021-08-23,,,
ES,Allocation,2021-08-30,3.937528955,,-0.0027202104992906095
ES,Allocation,2021-09-06,,,
ES,Allocation,2021-09-13,,,
ES,Allocation,2021-09-20,,,
ES,Allocation,2021-09-27,3.375691425,,-0.011555162667995722
ES,Allocation,2021-10-04,,,
ES,Allocation,2021-10-11,,,
ES,Allocation,2021-10-18,,,
ES,Allocation,2021-10-25,,,
ES,Allocation,2021-11-01,3.2842456650000003,,0.9527709481739794
ES,Allocation,2021-11-08,,,
ES,Allocation,2021-11-15,,,
ES,Allocation,2021-11-22,,,
ES,Allocation,2021-11-29,5.164929079,,0.17139696721310527
ES,Allocation,2021-12-06,,,
ES,Allocation,2021-12-13,,,
ES,Allocation,2021-12-20,,,
ES,Allocation,2021-12-27,3.279941444,,-0.06979265148367209
ES,Allocation,2022-01-03,,,
ES,Allocation,2022-01-10,,,
ES,Allocation,2022-01-17,,,
ES,Allocation,2022-01-24,,,
ES,Allocation,2022-01-31,4.882333112,,0.41602663060063416
ES,Allocation,2022-02-07,,,
ES,Allocation,2022-02-14,,,
ES,Allocation,2022-02-21,,,
ES,Allocation,2022-02-28,4.407563608,,0.16616579261224418
ES,Allocation,2022-03-07,,,
ES,Allocation,2022-03-14,,,
ES,Allocation,2022-03-21,,,
ES,Allocation,2022-03-28,4.194427425,,0.3030865298684682
ES,Allocation,2022-04-04,,,
ES,Allocation,2022-04-11,,,
ES,Allocation,2022-04-18,,,
ES,Allocation,2022-04-25,1.705149953,,-0.48456034438210027
ES,Allocation,2022-05-02,1.8145095340000001,0.06413487611901547,
ES,Allocation,2022-05-09,,,
ES,Allocation,2022-05-16,,,
ES,Allocation,2022-05-23,,,
ES,Allocation,2022-05-30,4.104123522,,0.09828882243425197
ES,Allocation,2022-06-06,,,
ES,Allocation,2022-06-13,,,
ES,Allocation,2022-06-20,,,
ES,Allocation,2022-06-27,3.729574251,,0.019682418800771595
ES,Allocation,2022-07-04,,,
ES,Allocation,2022-07-11,,,
ES,Allocation,2022-07-18,,,
ES,Allocation,2022-07-25,,,
ES,Allocation,2022-08-01,4.357645556,,1.6668689563787398
ES,Allocation,2022-08-08,,,
ES,Allocation,2022-08-15,,,
ES,Allocation,2022-08-22,,,
ES,Allocation,2022-08-29,4.471578972,,0.13563075296801208
ES,Allocation,2022-09-05,,,
ES,Allocation,2022-09-12,,,
ES,Allocation,2022-09-19,,,
ES,Allocation,2022-09-26,3.602115528,,0.06707488170367948
ES,Allocation,2022-10-03,,,
ES,Allocation,2022-10-10,,,
ES,Allocation,2022-10-17,,,
ES,Allocation,2022-10-24,,,
ES,Allocation,2022-10-31,3.313354393,,0.008863139657976804
ES,Allocation,2022-11-07,,,
ES,Allocation,2022-11-14,,,
ES,Allocation,2022-11-21,,,
ES,Allocation,2022-11-28,5.488582066,,0.06266358783432957
ES,Allocation,2022-12-05,,,
ES,Allocation,2022-12-12,,,
ES,Allocation,2022-12-19,,,
ES,Allocation,2022-12-26,1.254700213,,-0.6174626180308114
ES,Allocation,2023-01-02,1.781070543,0.41951880181915624,
ES,Allocation,2023-01-09,,,
ES,Allocation,2023-01-16,,,
ES,Allocation,2023-01-23,,,
ES,Allocation,2023-01-30,4.717590247,,-0.03374265156039602
ES,Allocation,2023-02-06,,,
ES,Allocation,2023-02-13,,,
ES,Allocation,2023-02-20,,,
ES,Allocation,2023-02-27,5.223533884,,0.1851295519635754
ES,Allocation,2023-03-06,,,
ES,Allocation,2023-03-13,,,
ES,Allocation,2023-03-20,,,
ES,Allocation,2023-03-27,3.663904054,,-0.12648290630514358
ES,Allocation,2023-04-03,,,
ES,Allocation,2023-04-10,,,
ES,Allocation,2023-04-17,,,
ES,Allocation,2023-04-24,,,
ES,Allocation,2023-05-01,3.8535822140000002,,1.1237596947231032
ES,Allocation,2023-05-08,,,
ES,Allocation,2023-05-15,,,
ES,Allocation,2023-05-22,,,
ES,Allocation,2023-05-29,3.653186946,,-0.10987402635002863
ES,Allocation,2023-06-05,,,
ES,Allocation,2023-06-12,,,
ES,Allocation,2023-06-19,,,
ES,Allocation,2023-06-26,3.076177749,,-0.17519332181811542
ES,Allocation,2023-07-03,,,
ES,Allocation,2023-07-10,,,
ES,Allocation,2023-07-17,,,
ES,Allocation,2023-07-24,,,
ES,Allocation,2023-07-31,3.060651174,,-0.29763650240304207
ES,Allocation,2023-08-07,,,
ES,Allocation,2023-08-14,,,
ES,Allocation,2023-08-21,,,
ES,Allocation,2023-08-28,2.749368363,,-0.3851459674052694
ES,Allocation,2023-09-04,,,
ES,Allocation,2023-09-11,,,
ES,Allocation,2023-09-18,,,
ES,Allocation,2023-09-25,1.461913368,,-0.5941514488815696
ES,Allocation,2023-10-02,1.7668118179999999,0.2085612298744639,
ES,Allocation,2023-10-09,,,
ES,Allocation,2023-10-16,,,
ES,Allocation,2023-10-23,,,
ES,Allocation,2023-10-30,2.653866822,,-0.19903924928564076
ES,Allocation,2023-11-06,,,
ES,Allocation,2023-11-13,,,
ES,Allocation,2023-11-20,,,
ES,Allocation,2023-11-27,3.475708856,,-0.36673829156515714
ES,Allocation,2023-12-04,,,
ES,Allocation,2023-12-11,,,
ES,Allocation,2023-12-18,,,
ES,Allocation,2023-12-25,,,
ES,Allocation,2024-01-01,3.00173061,,0.6853518923197417
ES,Allocation,2024-01-08,,,
ES,Allocation,2024-01-15,,,
ES,Allocation,2024-01-22,,,
ES,Allocation,2024-01-29,3.710804146,,-0.21341109513278167
ES,Allocation,2024-02-05,,,
ES,Allocation,2024-02-12,,,
ES,Allocation,2024-02-19,,,
ES,Allocation,2024-02-26,3.275011881,,-0.37302754155925755
ES,Allocation,2024-03-04,,,
ES,Allocation,2024-03-11,,,
ES,Allocation,2024-03-18,,,
ES,Allocation,2024-03-25,,,
ES,Allocation,2024-04-01,3.281782223,,
ES,Allocation,2024-04-08,,,
ES,Allocation,2024-04-15,,,
ES,Allocation,2024-04-22,,,
ES,Allocation,2024-04-29,2.927605023,,-0.24028997944715969
ES,Allocation,2024-05-06,,,
ES,Allocation,2024-05-13,,,
ES,Allocation,2024-05-20,,,
ES,Allocation,2024-05-27,2.4724280380000003,,-0.32321338202876615
ES,Allocation,2024-06-03,,,
ES,Allocation,2024-06-10,,,
ES,Allocation,2024-06-17,,,
ES,Allocation,2024-06-24,,,
ES,Allocation,2024-07-01,2.793264806,,
ES,Allocation,2024-07-08,,,
ES,Allocation,2024-07-15,,,
ES,Allocation,2024-07-22,,,
ES,Allocation,2024-07-29,2.955888067,,-0.0342290254733878
ES,Allocation,2024-08-05,,,
ES,Allocation,2024-08-12,,,
ES,Allocation,2024-08-19,,,
ES,Allocation,2024-08-26,1.323580899,,-0.5185872810597988
ES,Allocation,2024-09-02,1.53736427,0.1615189303211606,
ES,Allocation,2024-09-09,,,
ES,Allocation,2024-09-16,,,
ES,Allocation,2024-09-23,,,
ES,Allocation,2024-09-30,2.9297514199999997,,0.6582136196691435
ES,Allocation,2024-10-07,,,
ES,Allocation,2024-10-14,,,
ES,Allocation,2024-10-21,,,
ES,Allocation,2024-10-28,2.702535305,,0.018338705844825665
ES,Allocation,2024-11-04,,,
ES,Allocation,2024-11-11,,,
ES,Allocation,2024-11-18,,,
ES,Allocation,2024-11-25,1.768126884,,-0.49129027854339935
ES,Allocation,2024-12-02,2.273377381,0.285754660240775,
ES,Allocation,2024-12-09,,,
ES,Allocation,2024-12-16,,,
ES,Allocation,2024-12-23,,,
ES,Allocation,2024-12-30,3.508527443,,0.16883488188835183
ES,Allocation,2025-01-06,,,
ES,Allocation,2025-01-13,,,
ES,Allocation,2025-01-20,,,
ES,Allocation,2025-01-27,3.488524821,,-0.05990058118254571
ES,Allocation,2025-02-03,,,
ES,Allocation,2025-02-10,,,
ES,Allocation,2025-02-17,,,
ES,Allocation,2025-02-24,2.9157697760000003,,-0.10969184786294817
ES,Allocation,2025-03-03,,,
ES,Allocation,2025-03-10,,,
ES,Allocation,2025-03-17,,,
ES,Allocation,2025-03-24,,,
ES,Allocation,2025-03-31,3.654965509,,0.11371360457271873
ES,Allocation,2025-04-07,,,
ES,Allocation,2025-04-14,,,
ES,Allocation,2025-04-21,,,
ES,Allocation,2025-04-28,3.14714307,,0.07498895693758345
ES,Allocation,2025-05-05,,,
ES,Allocation,2025-05-12,,,
ES,Allocation,2025-05-19,,,
ES,Allocation,2025-05-26,1.247495563,,-0.49543705870237353
ES,Allocation,2025-06-02,1.463751676,0.17335221015130786,
ES,Allocation,2025-06-09,,,
ES,Allocation,2025-06-16,,,
ES,Allocation,2025-06-23,,,
ES,Allocation,2025-06-30,3.7558498300000003,,0.3446092980272921
ES,Allocation,2025-07-07,,,
ES,Allocation,2025-07-14,,,
ES,Allocation,2025-07-21,,,
ES,Allocation,2025-07-28,2.599379132,,-0.12060975480774183
ES,Allocation,2025-08-04,,,
ES,Allocation,2025-08-11,,,
ES,Allocation,2025-08-18,,,
ES,Allocation,2025-08-25,,,
ES,Allocation,2025-09-01,2.785684625,,0.8119873600288627
ES,Allocation,2025-09-08,,,
ES,Allocation,2025-09-15,,,
ES,Allocation,2025-09-22,,,
ES,Allocation,2025-09-29,3.4950422349999997,,0.19294838843358253
ES,Allocation,2025-10-06,,,
ES,Allocation,2025-10-13,,,
ES,Allocation,2025-10-20,,,
ES,Allocation,2025-10-27,2.74463223,,0.015576827034272656
ES,Allocation,2025-11-03,,,
ES,Allocation,2025-11-10,,,
ES,Allocation,2025-11-17,,,
ES,Allocation,2025-11-24,,,
ES,Allocation,2025-12-01,4.221960703,,0.8571314812426207
ES,Allocation,2025-12-08,,,
ES,Allocation,2025-12-15,,,
ES,Allocation,2025-12-22,,,
ES,Allocation,2025-12-29,3.395272385,,-0.03227994075576057
ES,Allocation,2026-01-05,,,
ES,Allocation,2026-01-12,,,
ES,Allocation,2026-01-19,,,
ES,Allocation,2026-01-26,1.910881872,,-0.4522378454936038
ES,Allocation,2026-02-02,1.98634216,0.039489771244216376,
ES,Allocation,2026-02-09,,,
ES,Allocation,2026-02-16,,,
ES,Allocation,2026-02-23,1.606362585,,-0.44907770214845666
ES,Allocation,2026-03-02,1.7971363759999999,0.11876135113044839,
ES,Allocation,2026-03-09,,,
ES,Allocation,2026-03-16,,,
ES,Allocation,2026-03-23,,,
ES,Allocation,2026-03-30,3.2470701359999996,,-0.11160033439319672
ES,Physical Flow,2019-10-28,3.692509361,,
ES,Physical Flow,2019-11-04,,,
ES,Physical Flow,2019-11-11,,,
ES,Physical Flow,2019-11-18,,,
ES,Physical Flow,2019-11-25,1.9201411510000002,,
ES,Physical Flow,2019-12-02,2.173197272,0.1317903743004567,
ES,Physical Flow,2019-12-09,,,
ES,Physical Flow,2019-12-16,,,
ES,Physical Flow,2019-12-23,,,
ES,Physical Flow,2019-12-30,3.693563306,,
ES,Physical Flow,2020-01-06,,,
ES,Physical Flow,2020-01-13,,,
ES,Physical Flow,2020-01-20,,,
ES,Physical Flow,2020-01-27,2.9710969570000003,,
ES,Physical Flow,2020-02-03,,,
ES,Physical Flow,2020-02-10,,,
ES,Physical Flow,2020-02-17,,,
ES,Physical Flow,2020-02-24,1.385721816,,
ES,Physical Flow,2020-03-02,1.608784731,0.1609723628685371,
ES,Physical Flow,2020-03-09,,,
ES,Physical Flow,2020-03-16,,,
ES,Physical Flow,2020-03-23,,,
ES,Physical Flow,2020-03-30,4.607951753,,
ES,Physical Flow,2020-04-06,,,
ES,Physical Flow,2020-04-13,,,
ES,Physical Flow,2020-04-20,,,
ES,Physical Flow,2020-04-27,3.097848891,,
ES,Physical Flow,2020-05-04,,,
ES,Physical Flow,2020-05-11,,,
ES,Physical Flow,2020-05-18,,,
ES,Physical Flow,2020-05-25,,,
ES,Physical Flow,2020-06-01,4.27694024,,
ES,Physical Flow,2020-06-08,,,
ES,Physical Flow,2020-06-15,,,
ES,Physical Flow,2020-06-22,,,
ES,Physical Flow,2020-06-29,5.8503041080000004,,
ES,Physical Flow,2020-07-06,,,
ES,Physical Flow,2020-07-13,,,
ES,Physical Flow,2020-07-20,,,
ES,Physical Flow,2020-07-27,4.336705086,,
ES,Physical Flow,2020-08-03,,,
ES,Physical Flow,2020-08-10,,,
ES,Physical Flow,2020-08-17,,,
ES,Physical Flow,2020-08-24,,,
ES,Physical Flow,2020-08-31,5.165963802,,
ES,Physical Flow,2020-09-07,,,
ES,Physical Flow,2020-09-14,,,
ES,Physical Flow,2020-09-21,,,
ES,Physical Flow,2020-09-28,4.0175918059999995,,
ES,Physical Flow,2020-10-05,,,
ES,Physical Flow,2020-10-12,,,
ES,Physical Flow,2020-10-19,,,
ES,Physical Flow,2020-10-26,1.650302403,,-0.5530675100162596
ES,Physical Flow,2020-11-02,2.013606496,0.22014395200514048,
ES,Physical Flow,2020-11-09,,,
ES,Physical Flow,2020-11-16,,,
ES,Physical Flow,2020-11-23,,,
ES,Physical Flow,2020-11-30,5.5494992100000005,,1.5536104252941474
ES,Physical Flow,2020-12-07,,,
ES,Physical Flow,2020-12-14,,,
ES,Physical Flow,2020-12-21,,,
ES,Physical Flow,2020-12-28,4.161872545,,0.12679063554677827
ES,Physical Flow,2021-01-04,,,
ES,Physical Flow,2021-01-11,,,
ES,Physical Flow,2021-01-18,,,
ES,Physical Flow,2021-01-25,,,
ES,Physical Flow,2021-02-01,4.08602219,,
ES,Physical Flow,2021-02-08,,,
ES,Physical Flow,2021-02-15,,,
ES,Physical Flow,2021-02-22,,,
ES,Physical Flow,2021-03-01,4.472633045,,1.7801314612302845
ES,Physical Flow,2021-03-08,,,
ES,Physical Flow,2021-03-15,,,
ES,Physical Flow,2021-03-22,,,
ES,Physical Flow,2021-03-29,3.930112817,,-0.14710200373923055
ES,Physical Flow,2021-04-05,,,
ES,Physical Flow,2021-04-12,,,
ES,Physical Flow,2021-04-19,,,
ES,Physical Flow,2021-04-26,3.72638615,,0.20289474442283262
ES,Physical Flow,2021-05-03,,,
ES,Physical Flow,2021-05-10,,,
ES,Physical Flow,2021-05-17,,,
ES,Physical Flow,2021-05-24,,,
ES,Physical Flow,2021-05-31,4.392643701,,0.0270528589382395
ES,Physical Flow,2021-06-07,,,
ES,Physical Flow,2021-06-14,,,
ES,Physical Flow,2021-06-21,,,
ES,Physical Flow,2021-06-28,4.666171501,,-0.20240530836350168
ES,Physical Flow,2021-07-05,,,
ES,Physical Flow,2021-07-12,,,
ES,Physical Flow,2021-07-19,,,
ES,Physical Flow,2021-07-26,1.674094277,,-0.6139709194419498
ES,Physical Flow,2021-08-02,1.9122864419999999,0.14228121335367283,
ES,Physical Flow,2021-08-09,,,
ES,Physical Flow,2021-08-16,,,
ES,Physical Flow,2021-08-23,,,
ES,Physical Flow,2021-08-30,2.301713291,,-0.5544464926159776
ES,Physical Flow,2021-09-06,,,
ES,Physical Flow,2021-09-13,,,
ES,Physical Flow,2021-09-20,,,
ES,Physical Flow,2021-09-27,4.114547376,,0.02413275780162727
ES,Physical Flow,2021-10-04,,,
ES,Physical Flow,2021-10-11,,,
ES,Physical Flow,2021-10-18,,,
ES,Physical Flow,2021-10-25,,,
ES,Physical Flow,2021-11-01,4.285798896,,1.1284192837645675
ES,Physical Flow,2021-11-08,,,
ES,Physical Flow,2021-11-15,,,
ES,Physical Flow,2021-11-22,,,
ES,Physical Flow,2021-11-29,6.814418464,,0.2279339461334926
ES,Physical Flow,2021-12-06,,,
ES,Physical Flow,2021-12-13,,,
ES,Physical Flow,2021-12-20,,,
ES,Physical Flow,2021-12-27,3.999012979,,-0.0391313199140747
ES,Physical Flow,2022-01-03,,,
ES,Physical Flow,2022-01-10,,,
ES,Physical Flow,2022-01-17,,,
ES,Physical Flow,2022-01-24,,,
ES,Physical Flow,2022-01-31,6.41305914,,0.569511579182099
ES,Physical Flow,2022-02-07,,,
ES,Physical Flow,2022-02-14,,,
ES,Physical Flow,2022-02-21,,,
ES,Physical Flow,2022-02-28,5.859263697,,0.3100255795744584
ES,Physical Flow,2022-03-07,,,
ES,Physical Flow,2022-03-14,,,
ES,Physical Flow,2022-03-21,,,
ES,Physical Flow,2022-03-28,5.394629427,,0.3726398396669741
ES,Physical Flow,2022-04-04,,,
ES,Physical Flow,2022-04-11,,,
ES,Physical Flow,2022-04-18,,,
ES,Physical Flow,2022-04-25,2.138970691,,-0.4259932801113486
ES,Physical Flow,2022-05-02,2.448057997,0.14450282432598316,
ES,Physical Flow,2022-05-09,,,
ES,Physical Flow,2022-05-16,,,
ES,Physical Flow,2022-05-23,,,
ES,Physical Flow,2022-05-30,5.696834644,,0.2969034212137662
ES,Physical Flow,2022-06-06,,,
ES,Physical Flow,2022-06-13,,,
ES,Physical Flow,2022-06-20,,,
ES,Physical Flow,2022-06-27,4.8736353470000005,,0.04446125607589413
ES,Physical Flow,2022-07-04,,,
ES,Physical Flow,2022-07-11,,,
ES,Physical Flow,2022-07-18,,,
ES,Physical Flow,2022-07-25,,,
ES,Physical Flow,2022-08-01,5.065507232,,1.6489270230364372
ES,Physical Flow,2022-08-08,,,
ES,Physical Flow,2022-08-15,,,
ES,Physical Flow,2022-08-22,,,
ES,Physical Flow,2022-08-29,5.563012694,,1.4169007998311987
ES,Physical Flow,2022-09-05,,,
ES,Physical Flow,2022-09-12,,,
ES,Physical Flow,2022-09-19,,,
ES,Physical Flow,2022-09-26,4.275093398,,0.03901912101837968
ES,Physical Flow,2022-10-03,,,
ES,Physical Flow,2022-10-10,,,
ES,Physical Flow,2022-10-17,,,
ES,Physical Flow,2022-10-24,,,
ES,Physical Flow,2022-10-31,4.354413426,,0.016009740929290528
ES,Physical Flow,2022-11-07,,,
ES,Physical Flow,2022-11-14,,,
ES,Physical Flow,2022-11-21,,,
ES,Physical Flow,2022-11-28,7.306871859999999,,0.07226638613428116
ES,Physical Flow,2022-12-05,,,
ES,Physical Flow,2022-12-12,,,
ES,Physical Flow,2022-12-19,,,
ES,Physical Flow,2022-12-26,1.576375397,,-0.6058088820221357
ES,Physical Flow,2023-01-02,1.963702175,0.24570719559384235,
ES,Physical Flow,2023-01-09,,,
ES,Physical Flow,2023-01-16,,,
ES,Physical Flow,2023-01-23,,,
ES,Physical Flow,2023-01-30,5.61958859,,-0.12372730902338125
ES,Physical Flow,2023-02-06,,,
ES,Physical Flow,2023-02-13,,,
ES,Physical Flow,2023-02-20,,,
ES,Physical Flow,2023-02-27,6.849004047,,0.1689188951346834
ES,Physical Flow,2023-03-06,,,
ES,Physical Flow,2023-03-13,,,
ES,Physical Flow,2023-03-20,,,
ES,Physical Flow,2023-03-27,4.526407569,,-0.16094189040206708
ES,Physical Flow,2023-04-03,,,
ES,Physical Flow,2023-04-10,,,
ES,Physical Flow,2023-04-17,,,
ES,Physical Flow,2023-04-24,,,
ES,Physical Flow,2023-05-01,4.708507353,,0.923364298872859
ES,Physical Flow,2023-05-08,,,
ES,Physical Flow,2023-05-15,,,
ES,Physical Flow,2023-05-22,,,
ES,Physical Flow,2023-05-29,4.683446901,,-0.17788610804551197
ES,Physical Flow,2023-06-05,,,
ES,Physical Flow,2023-06-12,,,
ES,Physical Flow,2023-06-19,,,
ES,Physical Flow,2023-06-26,4.101877822,,-0.1583535636237252
ES,Physical Flow,2023-07-03,,,
ES,Physical Flow,2023-07-10,,,
ES,Physical Flow,2023-07-17,,,
ES,Physical Flow,2023-07-24,,,
ES,Physical Flow,2023-07-31,3.391914104,,-0.33039003822312574
ES,Physical Flow,2023-08-07,,,
ES,Physical Flow,2023-08-14,,,
ES,Physical Flow,2023-08-21,,,
ES,Physical Flow,2023-08-28,3.3430109889999997,,-0.39906464844029355
ES,Physical Flow,2023-09-04,,,
ES,Physical Flow,2023-09-11,,,
ES,Physical Flow,2023-09-18,,,
ES,Physical Flow,2023-09-25,1.838209964,,-0.5700187591550719
ES,Physical Flow,2023-10-02,2.185247984,0.1887912843453612,
ES,Physical Flow,2023-10-09,,,
ES,Physical Flow,2023-10-16,,,
ES,Physical Flow,2023-10-23,,,
ES,Physical Flow,2023-10-30,3.214553215,,-0.2617712420676336
ES,Physical Flow,2023-11-06,,,
ES,Physical Flow,2023-11-13,,,
ES,Physical Flow,2023-11-20,,,
ES,Physical Flow,2023-11-27,4.451780241,,-0.3907406170114498
ES,Physical Flow,2023-12-04,,,
ES,Physical Flow,2023-12-11,,,
ES,Physical Flow,2023-12-18,,,
ES,Physical Flow,2023-12-25,,,
ES,Physical Flow,2024-01-01,3.4926391789999998,,0.7785992313218268
ES,Physical Flow,2024-01-08,,,
ES,Physical Flow,2024-01-15,,,
ES,Physical Flow,2024-01-22,,,
ES,Physical Flow,2024-01-29,4.752070807,,-0.15437389572320992
ES,Physical Flow,2024-02-05,,,
ES,Physical Flow,2024-02-12,,,
ES,Physical Flow,2024-02-19,,,
ES,Physical Flow,2024-02-26,4.323486756,,-0.3687422687545683
ES,Physical Flow,2024-03-04,,,
ES,Physical Flow,2024-03-11,,,
ES,Physical Flow,2024-03-18,,,
ES,Physical Flow,2024-03-25,,,
ES,Physical Flow,2024-04-01,4.680588423,,
ES,Physical Flow,2024-04-08,,,
ES,Physical Flow,2024-04-15,,,
ES,Physical Flow,2024-04-22,,,
ES,Physical Flow,2024-04-29,3.33671438,,-0.2913434917173846
ES,Physical Flow,2024-05-06,,,
ES,Physical Flow,2024-05-13,,,
ES,Physical Flow,2024-05-20,,,
ES,Physical Flow,2024-05-27,3.248490148,,-0.30638902998849216
ES,Physical Flow,2024-06-03,,,
ES,Physical Flow,2024-06-10,,,
ES,Physical Flow,2024-06-17,,,
ES,Physical Flow,2024-06-24,,,
ES,Physical Flow,2024-07-01,3.745364823,,
ES,Physical Flow,2024-07-08,,,
ES,Physical Flow,2024-07-15,,,
ES,Physical Flow,2024-07-22,,,
ES,Physical Flow,2024-07-29,3.656578014,,0.07802789277236943
ES,Physical Flow,2024-08-05,,,
ES,Physical Flow,2024-08-12,,,
ES,Physical Flow,2024-08-19,,,
ES,Physical Flow,2024-08-26,1.617051659,,-0.5162888592586675
ES,Physical Flow,2024-09-02,1.95566201,0.20939983525906647,
ES,Physical Flow,2024-09-09,,,
ES,Physical Flow,2024-09-16,,,
ES,Physical Flow,2024-09-23,,,
ES,Physical Flow,2024-09-30,3.900700889,,0.7850152099717025
ES,Physical Flow,2024-10-07,,,
ES,Physical Flow,2024-10-14,,,
ES,Physical Flow,2024-10-21,,,
ES,Physical Flow,2024-10-28,3.4947662950000002,,0.08717014815385471
ES,Physical Flow,2024-11-04,,,
ES,Physical Flow,2024-11-11,,,
ES,Physical Flow,2024-11-18,,,
ES,Physical Flow,2024-11-25,2.160478405,,-0.5146933837608539
ES,Physical Flow,2024-12-02,2.96997362,0.3746833169572923,
ES,Physical Flow,2024-12-09,,,
ES,Physical Flow,2024-12-16,,,
ES,Physical Flow,2024-12-23,,,
ES,Physical Flow,2024-12-30,4.500550818,,0.28858166771426474
ES,Physical Flow,2025-01-06,,,
ES,Physical Flow,2025-01-13,,,
ES,Physical Flow,2025-01-20,,,
ES,Physical Flow,2025-01-27,4.459996153,,-0.061462605643367585
ES,Physical Flow,2025-02-03,,,
ES,Physical Flow,2025-02-10,,,
ES,Physical Flow,2025-02-17,,,
ES,Physical Flow,2025-02-24,3.84384119,,-0.11093952475611568
ES,Physical Flow,2025-03-03,,,
ES,Physical Flow,2025-03-10,,,
ES,Physical Flow,2025-03-17,,,
ES,Physical Flow,2025-03-24,,,
ES,Physical Flow,2025-03-31,5.374985007,,0.14835668536626656
ES,Physical Flow,2025-04-07,,,
ES,Physical Flow,2025-04-14,,,
ES,Physical Flow,2025-04-21,,,
ES,Physical Flow,2025-04-28,4.45457937,,0.3350196818464277
ES,Physical Flow,2025-05-05,,,
ES,Physical Flow,2025-05-12,,,
ES,Physical Flow,2025-05-19,,,
ES,Physical Flow,2025-05-26,1.5956613199999998,,-0.5087990890222027
ES,Physical Flow,2025-06-02,1.966371822,0.2323240510711886,
ES,Physical Flow,2025-06-09,,,
ES,Physical Flow,2025-06-16,,,
ES,Physical Flow,2025-06-23,,,
ES,Physical Flow,2025-06-30,5.12164249,,0.36746157772091625
ES,Physical Flow,2025-07-07,,,
ES,Physical Flow,2025-07-14,,,
ES,Physical Flow,2025-07-21,,,
ES,Physical Flow,2025-07-28,3.335328238,,-0.08785530481505543
ES,Physical Flow,2025-08-04,,,
ES,Physical Flow,2025-08-11,,,
ES,Physical Flow,2025-08-18,,,
ES,Physical Flow,2025-08-25,,,
ES,Physical Flow,2025-09-01,3.447491411,,0.7628257814344925
ES,Physical Flow,2025-09-08,,,
ES,Physical Flow,2025-09-15,,,
ES,Physical Flow,2025-09-22,,,
ES,Physical Flow,2025-09-29,4.749004214999999,,0.21747458985953516
ES,Physical Flow,2025-10-06,,,
ES,Physical Flow,2025-10-13,,,
ES,Physical Flow,2025-10-20,,,
ES,Physical Flow,2025-10-27,3.601859013,,0.03064374237362255
ES,Physical Flow,2025-11-03,,,
ES,Physical Flow,2025-11-10,,,
ES,Physical Flow,2025-11-17,,,
ES,Physical Flow,2025-11-24,,,
ES,Physical Flow,2025-12-01,5.516166332,,0.8573115582083857
ES,Physical Flow,2025-12-08,,,
ES,Physical Flow,2025-12-15,,,
ES,Physical Flow,2025-12-22,,,
ES,Physical Flow,2025-12-29,4.403375223,,-0.02159193372761059
ES,Physical Flow,2026-01-05,,,
ES,Physical Flow,2026-01-12,,,
ES,Physical Flow,2026-01-19,,,
ES,Physical Flow,2026-01-26,2.531516769,,-0.43239485368228747
ES,Physical Flow,2026-02-02,2.891672513,0.14226875698013597,
ES,Physical Flow,2026-02-09,,,
ES,Physical Flow,2026-02-16,,,
ES,Physical Flow,2026-02-23,2.216857659,,-0.4232702264684354
ES,Physical Flow,2026-03-02,2.496773343,0.12626687277985504,
ES,Physical Flow,2026-03-09,,,
ES,Physical Flow,2026-03-16,,,
ES,Physical Flow,2026-03-23,,,
ES,Physical Flow,2026-03-30,4.755376292,,-0.1152763615513468
EU,Allocation,2019-10-28,47.41620407723,,
EU,Allocation,2019-10-28,94.83240815446,1.0,
EU,Allocation,2019-11-04,,,
EU,Allocation,2019-11-04,,,
EU,Allocation,2019-11-11,,,
EU,Allocation,2019-11-11,,,
EU,Allocation,2019-11-18,,,
EU,Allocation,2019-11-18,,,
EU,Allocation,2019-11-25,30.6391839942,,
EU,Allocation,2019-11-25,61.2783679884,1.0,
EU,Allocation,2019-12-02,33.849805415599995,-0.4476059574235436,
EU,Allocation,2019-12-02,67.69961083119999,1.0,
EU,Allocation,2019-12-09,,,
EU,Allocation,2019-12-09,,,
EU,Allocation,2019-12-16,,,
EU,Allocation,2019-12-16,,,
EU,Allocation,2019-12-23,,,
EU,Allocation,2019-12-23,,,
EU,Allocation,2019-12-30,58.4772769041,,
EU,Allocation,2019-12-30,116.9545538082,1.0,
EU,Allocation,2020-01-06,,,
EU,Allocation,2020-01-06,,,
EU,Allocation,2020-01-13,,,
EU,Allocation,2020-01-13,,,
EU,Allocation,2020-01-20,,,
EU,Allocation,2020-01-20,,,
EU,Allocation,2020-01-27,53.21805865571,,
EU,Allocation,2020-01-27,106.43611731142,1.0,
EU,Allocation,2020-02-03,,,
EU,Allocation,2020-02-03,,,
EU,Allocation,2020-02-10,,,
EU,Allocation,2020-02-10,,,
EU,Allocation,2020-02-17,,,
EU,Allocation,2020-02-17,,,
EU,Allocation,2020-02-24,26.7237869133,,
EU,Allocation,2020-02-24,53.4475738266,1.0,
EU,Allocation,2020-03-02,30.176919241599997,-0.4353921594364041,
EU,Allocation,2020-03-02,60.3538384832,1.0000000000000004,
EU,Allocation,2020-03-09,,,
EU,Allocation,2020-03-09,,,
EU,Allocation,2020-03-16,,,
EU,Allocation,2020-03-16,,,
EU,Allocation,2020-03-23,,,
EU,Allocation,2020-03-23,,,
EU,Allocation,2020-03-30,57.6506736017,,
EU,Allocation,2020-03-30,115.3013472034,1.0,
EU,Allocation,2020-04-06,,,
EU,Allocation,2020-04-06,,,
EU,Allocation,2020-04-13,,,
EU,Allocation,2020-04-13,,,
EU,Allocation,2020-04-20,,,
EU,Allocation,2020-04-20,,,
EU,Allocation,2020-04-27,50.092030035440004,,0.056432732444201994
EU,Allocation,2020-04-27,100.18406007088001,1.0,0.056432732444201994
EU,Allocation,2020-05-04,,,
EU,Allocation,2020-05-04,,,
EU,Allocation,2020-05-11,,,
EU,Allocation,2020-05-11,,,
EU,Allocation,2020-05-18,,,
EU,Allocation,2020-05-18,,,
EU,Allocation,2020-05-25,,,
EU,Allocation,2020-05-25,,,
EU,Allocation,2020-06-01,46.01000312074,,0.3592398111551882
EU,Allocation,2020-06-01,92.02000624148,1.0,0.3592398111551882
EU,Allocation,2020-06-08,,,
EU,Allocation,2020-06-08,,,
EU,Allocation,2020-06-15,,,
EU,Allocation,2020-06-15,,,
EU,Allocation,2020-06-22,,,
EU,Allocation,2020-06-22,,,
EU,Allocation,2020-06-29,44.4194161693,,-0.24039868952609122
EU,Allocation,2020-06-29,88.8388323386,1.0,-0.24039868952609122
EU,Allocation,2020-07-06,,,
EU,Allocation,2020-07-06,,,
EU,Allocation,2020-07-13,,,
EU,Allocation,2020-07-13,,,
EU,Allocation,2020-07-20,,,
EU,Allocation,2020-07-20,,,
EU,Allocation,2020-07-27,44.6875873008,,-0.16029279478413916
EU,Allocation,2020-07-27,89.3751746016,1.0,-0.16029279478413916
EU,Allocation,2020-08-03,,,
EU,Allocation,2020-08-03,,,
EU,Allocation,2020-08-10,,,
EU,Allocation,2020-08-10,,,
EU,Allocation,2020-08-17,,,
EU,Allocation,2020-08-17,,,
EU,Allocation,2020-08-24,,,
EU,Allocation,2020-08-24,,,
EU,Allocation,2020-08-31,46.9810565424,,0.5568539706211917
EU,Allocation,2020-08-31,93.9621130848,1.0,0.5568539706211915
EU,Allocation,2020-09-07,,,
EU,Allocation,2020-09-07,,,
EU,Allocation,2020-09-14,,,
EU,Allocation,2020-09-14,,,
EU,Allocation,2020-09-21,,,
EU,Allocation,2020-09-21,,,
EU,Allocation,2020-09-28,45.4262793304,,-0.21204252279438285
EU,Allocation,2020-09-28,90.8525586608,1.0,-0.21204252279438285
EU,Allocation,2020-10-05,,,
EU,Allocation,2020-10-05,,,
EU,Allocation,2020-10-12,,,
EU,Allocation,2020-10-12,,,
EU,Allocation,2020-10-19,,,
EU,Allocation,2020-10-19,,,
EU,Allocation,2020-10-26,21.68033180882,,-0.5671899942270016
EU,Allocation,2020-10-26,43.36066361764,1.0,-0.5671899942270016
EU,Allocation,2020-11-02,21.602714208400002,-0.5017900464140596,
EU,Allocation,2020-11-02,43.205428416800004,1.0,
EU,Allocation,2020-11-09,,,
EU,Allocation,2020-11-09,,,
EU,Allocation,2020-11-16,,,
EU,Allocation,2020-11-16,,,
EU,Allocation,2020-11-23,,,
EU,Allocation,2020-11-23,,,
EU,Allocation,2020-11-30,68.43451234599999,,0.48738334501767633
EU,Allocation,2020-11-30,136.869024692,1.0000000000000004,0.48738334501767655
EU,Allocation,2020-12-07,,,
EU,Allocation,2020-12-07,,,
EU,Allocation,2020-12-14,,,
EU,Allocation,2020-12-14,,,
EU,Allocation,2020-12-21,,,
EU,Allocation,2020-12-21,,,
EU,Allocation,2020-12-28,62.3010953384,,0.40256447993251054
EU,Allocation,2020-12-28,124.6021906768,1.0,0.40256447993251054
EU,Allocation,2021-01-04,,,
EU,Allocation,2021-01-04,,,
EU,Allocation,2021-01-11,,,
EU,Allocation,2021-01-11,,,
EU,Allocation,2021-01-18,,,
EU,Allocation,2021-01-18,,,
EU,Allocation,2021-01-25,,,
EU,Allocation,2021-01-25,,,
EU,Allocation,2021-02-01,58.6025937044,,
EU,Allocation,2021-02-01,117.2051874088,1.0,
EU,Allocation,2021-02-08,,,
EU,Allocation,2021-02-08,,,
EU,Allocation,2021-02-15,,,
EU,Allocation,2021-02-15,,,
EU,Allocation,2021-02-22,,,
EU,Allocation,2021-02-22,,,
EU,Allocation,2021-03-01,59.265467810000004,,0.2614758409384308
EU,Allocation,2021-03-01,118.53093562000001,1.0,0.2614758409384308
EU,Allocation,2021-03-08,,,
EU,Allocation,2021-03-08,,,
EU,Allocation,2021-03-15,,,
EU,Allocation,2021-03-15,,,
EU,Allocation,2021-03-22,,,
EU,Allocation,2021-03-22,,,
EU,Allocation,2021-03-29,49.544931592249995,,0.09066673129651903
EU,Allocation,2021-03-29,99.08986318449999,1.0,0.09066673129651903
EU,Allocation,2021-04-05,,,
EU,Allocation,2021-04-05,,,
EU,Allocation,2021-04-12,,,
EU,Allocation,2021-04-12,,,
EU,Allocation,2021-04-19,,,
EU,Allocation,2021-04-19,,,
EU,Allocation,2021-04-26,47.82400404788,,1.2058704852673992
EU,Allocation,2021-04-26,95.64800809576,1.0,1.2058704852673992
EU,Allocation,2021-05-03,,,
EU,Allocation,2021-05-03,,,
EU,Allocation,2021-05-10,,,
EU,Allocation,2021-05-10,,,
EU,Allocation,2021-05-17,,,
EU,Allocation,2021-05-17,,,
EU,Allocation,2021-05-24,,,
EU,Allocation,2021-05-24,,,
EU,Allocation,2021-05-31,46.2402129213,,-0.3243144235833406
EU,Allocation,2021-05-31,92.4804258426,1.0,-0.3243144235833407
EU,Allocation,2021-06-07,,,
EU,Allocation,2021-06-07,,,
EU,Allocation,2021-06-14,,,
EU,Allocation,2021-06-14,,,
EU,Allocation,2021-06-21,,,
EU,Allocation,2021-06-21,,,
EU,Allocation,2021-06-28,43.0108700797,,-0.3096289905325348
EU,Allocation,2021-06-28,86.0217401594,1.0,-0.3096289905325348
EU,Allocation,2021-07-05,,,
EU,Allocation,2021-07-05,,,
EU,Allocation,2021-07-12,,,
EU,Allocation,2021-07-12,,,
EU,Allocation,2021-07-19,,,
EU,Allocation,2021-07-19,,,
EU,Allocation,2021-07-26,20.315381989099997,,
EU,Allocation,2021-07-26,40.630763978199994,1.0,
EU,Allocation,2021-08-02,18.14370712679,-0.5534490285113808,-0.6903941279747874
EU,Allocation,2021-08-02,36.28741425358,1.0,-0.6903941279747874
EU,Allocation,2021-08-09,,,
EU,Allocation,2021-08-09,,,
EU,Allocation,2021-08-16,,,
EU,Allocation,2021-08-16,,,
EU,Allocation,2021-08-23,,,
EU,Allocation,2021-08-23,,,
EU,Allocation,2021-08-30,40.1968621795,,-0.32174901059808236
EU,Allocation,2021-08-30,80.393724359,1.0,-0.32174901059808236
EU,Allocation,2021-09-06,,,
EU,Allocation,2021-09-06,,,
EU,Allocation,2021-09-13,,,
EU,Allocation,2021-09-13,,,
EU,Allocation,2021-09-20,,,
EU,Allocation,2021-09-20,,,
EU,Allocation,2021-09-27,52.078279900489996,,0.051132340419585365
EU,Allocation,2021-09-27,104.15655980097999,1.0,0.051132340419585365
EU,Allocation,2021-10-04,,,
EU,Allocation,2021-10-04,,,
EU,Allocation,2021-10-11,,,
EU,Allocation,2021-10-11,,,
EU,Allocation,2021-10-18,,,
EU,Allocation,2021-10-18,,,
EU,Allocation,2021-10-25,,,
EU,Allocation,2021-10-25,,,
EU,Allocation,2021-11-01,51.5523092162,,
EU,Allocation,2021-11-01,103.1046184324,1.0,
EU,Allocation,2021-11-08,,,
EU,Allocation,2021-11-08,,,
EU,Allocation,2021-11-15,,,
EU,Allocation,2021-11-15,,,
EU,Allocation,2021-11-22,,,
EU,Allocation,2021-11-22,,,
EU,Allocation,2021-11-29,67.84646891450001,,0.46726117005502243
EU,Allocation,2021-11-29,135.69293782900002,1.0,0.46726117005502243
EU,Allocation,2021-12-06,,,
EU,Allocation,2021-12-06,,,
EU,Allocation,2021-12-13,,,
EU,Allocation,2021-12-13,,,
EU,Allocation,2021-12-20,,,
EU,Allocation,2021-12-20,,,
EU,Allocation,2021-12-27,52.89568757308,,0.22982137945740777
EU,Allocation,2021-12-27,105.79137514616,1.0,0.22982137945740777
EU,Allocation,2022-01-03,2.83713345,-0.9731818076276988,
EU,Allocation,2022-01-03,5.6742669,1.0,
EU,Allocation,2022-01-10,,,
EU,Allocation,2022-01-10,,,
EU,Allocation,2022-01-17,,,
EU,Allocation,2022-01-17,,,
EU,Allocation,2022-01-24,,,
EU,Allocation,2022-01-24,,,
EU,Allocation,2022-01-31,65.0905706845,,2.587501177661253
EU,Allocation,2022-01-31,130.181141369,1.0,2.587501177661253
EU,Allocation,2022-02-07,,,
EU,Allocation,2022-02-07,,,
EU,Allocation,2022-02-14,,,
EU,Allocation,2022-02-14,,,
EU,Allocation,2022-02-21,,,
EU,Allocation,2022-02-21,,,
EU,Allocation,2022-02-28,67.8854794482,,0.6888253402729758
EU,Allocation,2022-02-28,135.7709588964,1.0,0.6888253402729758
EU,Allocation,2022-03-07,,,
EU,Allocation,2022-03-07,,,
EU,Allocation,2022-03-14,,,
EU,Allocation,2022-03-14,,,
EU,Allocation,2022-03-21,,,
EU,Allocation,2022-03-21,,,
EU,Allocation,2022-03-28,69.3784180101,,0.33219488321555013
EU,Allocation,2022-03-28,138.7568360202,1.0,0.33219488321555013
EU,Allocation,2022-04-04,,,
EU,Allocation,2022-04-04,,,
EU,Allocation,2022-04-11,,,
EU,Allocation,2022-04-11,,,
EU,Allocation,2022-04-18,,,
EU,Allocation,2022-04-18,,,
EU,Allocation,2022-04-25,27.545541587869998,,
EU,Allocation,2022-04-25,55.091083175739996,1.0,
EU,Allocation,2022-05-02,33.0979589639,-0.39921386445937457,-0.3579732999913966
EU,Allocation,2022-05-02,66.1959179278,1.0,-0.3579732999913966
EU,Allocation,2022-05-09,,,
EU,Allocation,2022-05-09,,,
EU,Allocation,2022-05-16,,,
EU,Allocation,2022-05-16,,,
EU,Allocation,2022-05-23,,,
EU,Allocation,2022-05-23,,,
EU,Allocation,2022-05-30,57.004581773700004,,-0.15980031553982466
EU,Allocation,2022-05-30,114.00916354740001,1.0,-0.15980031553982466
EU,Allocation,2022-06-06,,,
EU,Allocation,2022-06-06,,,
EU,Allocation,2022-06-13,,,
EU,Allocation,2022-06-13,,,
EU,Allocation,2022-06-20,,,
EU,Allocation,2022-06-20,,,
EU,Allocation,2022-06-27,50.550099438080004,,-0.04434365526980544
EU,Allocation,2022-06-27,101.10019887616,0.9999999999999998,-0.04434365526980566
EU,Allocation,2022-07-04,,,
EU,Allocation,2022-07-04,,,
EU,Allocation,2022-07-11,,,
EU,Allocation,2022-07-11,,,
EU,Allocation,2022-07-18,,,
EU,Allocation,2022-07-18,,,
EU,Allocation,2022-07-25,,,
EU,Allocation,2022-07-25,,,
EU,Allocation,2022-08-01,44.17564950009,,-0.3213202920863384
EU,Allocation,2022-08-01,88.35129900018,1.0,-0.3213202920863384
EU,Allocation,2022-08-08,,,
EU,Allocation,2022-08-08,,,
EU,Allocation,2022-08-15,,,
EU,Allocation,2022-08-15,,,
EU,Allocation,2022-08-22,,,
EU,Allocation,2022-08-22,,,
EU,Allocation,2022-08-29,44.5733297659,,-0.3434040662567366
EU,Allocation,2022-08-29,89.1466595318,1.0,-0.3434040662567366
EU,Allocation,2022-09-05,,,
EU,Allocation,2022-09-05,,,
EU,Allocation,2022-09-12,,,
EU,Allocation,2022-09-12,,,
EU,Allocation,2022-09-19,,,
EU,Allocation,2022-09-19,,,
EU,Allocation,2022-09-26,37.6514027515,,-0.4573038153447263
EU,Allocation,2022-09-26,75.302805503,1.0,-0.4573038153447263
EU,Allocation,2022-10-03,1.527008482,-0.9797217584152403,
EU,Allocation,2022-10-03,3.054016964,1.0,
EU,Allocation,2022-10-10,,,
EU,Allocation,2022-10-10,,,
EU,Allocation,2022-10-17,,,
EU,Allocation,2022-10-17,,,
EU,Allocation,2022-10-24,,,
EU,Allocation,2022-10-24,,,
EU,Allocation,2022-10-31,40.11533240958,,0.2120183136771021
EU,Allocation,2022-10-31,80.23066481916,1.0,0.2120183136771021
EU,Allocation,2022-11-07,,,
EU,Allocation,2022-11-07,,,
EU,Allocation,2022-11-14,,,
EU,Allocation,2022-11-14,,,
EU,Allocation,2022-11-21,,,
EU,Allocation,2022-11-21,,,
EU,Allocation,2022-11-28,56.5752921058,,-0.007530792342345771
EU,Allocation,2022-11-28,113.1505842116,1.0,-0.007530792342345771
EU,Allocation,2022-12-05,,,
EU,Allocation,2022-12-05,,,
EU,Allocation,2022-12-12,,,
EU,Allocation,2022-12-12,,,
EU,Allocation,2022-12-19,,,
EU,Allocation,2022-12-19,,,
EU,Allocation,2022-12-26,20.28752326762,,-0.5986650176134538
EU,Allocation,2022-12-26,40.57504653524,1.0,-0.5986650176134537
EU,Allocation,2023-01-02,23.08213470078,-0.4311248742319287,
EU,Allocation,2023-01-02,46.16426940156,1.0,
EU,Allocation,2023-01-09,,,
EU,Allocation,2023-01-09,,,
EU,Allocation,2023-01-16,,,
EU,Allocation,2023-01-16,,,
EU,Allocation,2023-01-23,,,
EU,Allocation,2023-01-23,,,
EU,Allocation,2023-01-30,52.2751433123,,0.18334747545010055
EU,Allocation,2023-01-30,104.5502866246,1.0,0.18334747545010055
EU,Allocation,2023-02-06,,,
EU,Allocation,2023-02-06,,,
EU,Allocation,2023-02-13,,,
EU,Allocation,2023-02-13,,,
EU,Allocation,2023-02-20,,,
EU,Allocation,2023-02-20,,,
EU,Allocation,2023-02-27,57.432471970900004,,0.288494089908393
EU,Allocation,2023-02-27,114.86494394180001,1.0,0.288494089908393
EU,Allocation,2023-03-06,,,
EU,Allocation,2023-03-06,,,
EU,Allocation,2023-03-13,,,
EU,Allocation,2023-03-13,,,
EU,Allocation,2023-03-20,,,
EU,Allocation,2023-03-20,,,
EU,Allocation,2023-03-27,40.18268441872,,0.06722941198038512
EU,Allocation,2023-03-27,80.36536883744,1.0,0.06722941198038512
EU,Allocation,2023-04-03,,,
EU,Allocation,2023-04-03,,,
EU,Allocation,2023-04-10,,,
EU,Allocation,2023-04-10,,,
EU,Allocation,2023-04-17,,,
EU,Allocation,2023-04-17,,,
EU,Allocation,2023-04-24,,,
EU,Allocation,2023-04-24,,,
EU,Allocation,2023-05-01,42.63392126433,,0.0627836964937758
EU,Allocation,2023-05-01,85.26784252866,1.0,0.0627836964937758
EU,Allocation,2023-05-08,,,
EU,Allocation,2023-05-08,,,
EU,Allocation,2023-05-15,,,
EU,Allocation,2023-05-15,,,
EU,Allocation,2023-05-22,,,
EU,Allocation,2023-05-22,,,
EU,Allocation,2023-05-29,33.83670241278,,-0.40191731843818235
EU,Allocation,2023-05-29,67.67340482556,1.0,-0.40191731843818235
EU,Allocation,2023-06-05,,,
EU,Allocation,2023-06-05,,,
EU,Allocation,2023-06-12,,,
EU,Allocation,2023-06-12,,,
EU,Allocation,2023-06-19,,,
EU,Allocation,2023-06-19,,,
EU,Allocation,2023-06-26,28.71734861542,,0.415517716805504
EU,Allocation,2023-06-26,57.43469723084,1.0,0.415517716805504
EU,Allocation,2023-07-03,,,
EU,Allocation,2023-07-03,,,
EU,Allocation,2023-07-10,,,
EU,Allocation,2023-07-10,,,
EU,Allocation,2023-07-17,,,
EU,Allocation,2023-07-17,,,
EU,Allocation,2023-07-24,,,
EU,Allocation,2023-07-24,,,
EU,Allocation,2023-07-31,33.201170265230004,,-0.36487653286991595
EU,Allocation,2023-07-31,66.40234053046001,1.0,-0.36487653286991595
EU,Allocation,2023-08-07,,,
EU,Allocation,2023-08-07,,,
EU,Allocation,2023-08-14,,,
EU,Allocation,2023-08-14,,,
EU,Allocation,2023-08-21,,,
EU,Allocation,2023-08-21,,,
EU,Allocation,2023-08-28,28.03027422073,,-0.5119437966220148
EU,Allocation,2023-08-28,56.06054844146,1.0,-0.5119437966220148
EU,Allocation,2023-09-04,,,
EU,Allocation,2023-09-04,,,
EU,Allocation,2023-09-11,,,
EU,Allocation,2023-09-11,,,
EU,Allocation,2023-09-18,,,
EU,Allocation,2023-09-18,,,
EU,Allocation,2023-09-25,13.970113081260001,,-0.6523349974410442
EU,Allocation,2023-09-25,27.940226162520002,1.0,-0.6523349974410442
EU,Allocation,2023-10-02,15.6563294296,-0.4396491517809563,
EU,Allocation,2023-10-02,31.3126588592,1.0,
EU,Allocation,2023-10-09,,,
EU,Allocation,2023-10-09,,,
EU,Allocation,2023-10-16,,,
EU,Allocation,2023-10-16,,,
EU,Allocation,2023-10-23,,,
EU,Allocation,2023-10-23,,,
EU,Allocation,2023-10-30,33.815956168,,-0.2068297926821856
EU,Allocation,2023-10-30,67.631912336,1.0,-0.2068297926821856
EU,Allocation,2023-11-06,,,
EU,Allocation,2023-11-06,,,
EU,Allocation,2023-11-13,,,
EU,Allocation,2023-11-13,,,
EU,Allocation,2023-11-20,,,
EU,Allocation,2023-11-20,,,
EU,Allocation,2023-11-27,50.32081815960001,,0.4871667323170954
EU,Allocation,2023-11-27,100.64163631920002,1.0,0.4871667323170954
EU,Allocation,2023-12-04,,,
EU,Allocation,2023-12-04,,,
EU,Allocation,2023-12-11,,,
EU,Allocation,2023-12-11,,,
EU,Allocation,2023-12-18,,,
EU,Allocation,2023-12-18,,,
EU,Allocation,2023-12-25,,,
EU,Allocation,2023-12-25,,,
EU,Allocation,2024-01-01,39.19051696344,,
EU,Allocation,2024-01-01,78.38103392688,1.0,
EU,Allocation,2024-01-08,,,
EU,Allocation,2024-01-08,,,
EU,Allocation,2024-01-15,,,
EU,Allocation,2024-01-15,,,
EU,Allocation,2024-01-22,,,
EU,Allocation,2024-01-22,,,
EU,Allocation,2024-01-29,44.575397437,,0.3425851282019923
EU,Allocation,2024-01-29,89.150794874,1.0,0.3425851282019923
EU,Allocation,2024-02-05,,,
EU,Allocation,2024-02-05,,,
EU,Allocation,2024-02-12,,,
EU,Allocation,2024-02-12,,,
EU,Allocation,2024-02-19,,,
EU,Allocation,2024-02-19,,,
EU,Allocation,2024-02-26,40.0343905725,,0.428255401900145
EU,Allocation,2024-02-26,80.068781145,1.0,0.428255401900145
EU,Allocation,2024-03-04,,,
EU,Allocation,2024-03-04,,,
EU,Allocation,2024-03-11,,,
EU,Allocation,2024-03-11,,,
EU,Allocation,2024-03-18,,,
EU,Allocation,2024-03-18,,,
EU,Allocation,2024-03-25,,,
EU,Allocation,2024-03-25,,,
EU,Allocation,2024-04-01,34.200981197990004,,1.1844827264128281
EU,Allocation,2024-04-01,68.40196239598001,1.0,1.1844827264128281
EU,Allocation,2024-04-08,,,
EU,Allocation,2024-04-08,,,
EU,Allocation,2024-04-15,,,
EU,Allocation,2024-04-15,,,
EU,Allocation,2024-04-22,,,
EU,Allocation,2024-04-22,,,
EU,Allocation,2024-04-29,31.275937514120002,,-0.07511302183090751
EU,Allocation,2024-04-29,62.551875028240005,1.0,-0.07511302183090751
EU,Allocation,2024-05-06,,,
EU,Allocation,2024-05-06,,,
EU,Allocation,2024-05-13,,,
EU,Allocation,2024-05-13,,,
EU,Allocation,2024-05-20,,,
EU,Allocation,2024-05-20,,,
EU,Allocation,2024-05-27,27.783769341400003,,-0.4478672971238341
EU,Allocation,2024-05-27,55.567538682800006,1.0,-0.4478672971238341
EU,Allocation,2024-06-03,0.347996104,-0.9937374209430709,
EU,Allocation,2024-06-03,0.6959922080000001,1.0000000000000004,
EU,Allocation,2024-06-10,,,
EU,Allocation,2024-06-10,,,
EU,Allocation,2024-06-17,,,
EU,Allocation,2024-06-17,,,
EU,Allocation,2024-06-24,,,
EU,Allocation,2024-06-24,,,
EU,Allocation,2024-07-01,31.851029245,,-0.18727713454984152
EU,Allocation,2024-07-01,63.70205849,1.0,-0.18727713454984152
EU,Allocation,2024-07-08,,,
EU,Allocation,2024-07-08,,,
EU,Allocation,2024-07-15,,,
EU,Allocation,2024-07-15,,,
EU,Allocation,2024-07-22,,,
EU,Allocation,2024-07-22,,,
EU,Allocation,2024-07-29,31.5467680543,,-0.2922829662060519
EU,Allocation,2024-07-29,63.0935361086,1.0,-0.2922829662060519
EU,Allocation,2024-08-05,,,
EU,Allocation,2024-08-05,,,
EU,Allocation,2024-08-12,,,
EU,Allocation,2024-08-12,,,
EU,Allocation,2024-08-19,,,
EU,Allocation,2024-08-19,,,
EU,Allocation,2024-08-26,14.403517454700001,,-0.6402213884431174
EU,Allocation,2024-08-26,28.807034909400002,1.0,-0.6402213884431174
EU,Allocation,2024-09-02,16.400177489700003,-0.43068845713279313,
EU,Allocation,2024-09-02,32.800354979400005,1.0,
EU,Allocation,2024-09-09,,,
EU,Allocation,2024-09-09,,,
EU,Allocation,2024-09-16,,,
EU,Allocation,2024-09-16,,,
EU,Allocation,2024-09-23,,,
EU,Allocation,2024-09-23,,,
EU,Allocation,2024-09-30,31.2633238612,,-0.08589394905905945
EU,Allocation,2024-09-30,62.5266477224,1.0,-0.08589394905905945
EU,Allocation,2024-10-07,,,
EU,Allocation,2024-10-07,,,
EU,Allocation,2024-10-14,,,
EU,Allocation,2024-10-14,,,
EU,Allocation,2024-10-21,,,
EU,Allocation,2024-10-21,,,
EU,Allocation,2024-10-28,32.203739459,,0.029665040239357232
EU,Allocation,2024-10-28,64.407478918,1.0,0.029665040239357232
EU,Allocation,2024-11-04,,,
EU,Allocation,2024-11-04,,,
EU,Allocation,2024-11-11,,,
EU,Allocation,2024-11-11,,,
EU,Allocation,2024-11-18,,,
EU,Allocation,2024-11-18,,,
EU,Allocation,2024-11-25,19.013441005700003,,-0.31566373258906666
EU,Allocation,2024-11-25,38.026882011400005,1.0,-0.31566373258906666
EU,Allocation,2024-12-02,24.5783256339,-0.3536591922910821,69.6281632219078
EU,Allocation,2024-12-02,49.1566512678,1.0,69.62816322190778
EU,Allocation,2024-12-09,,,
EU,Allocation,2024-12-09,,,
EU,Allocation,2024-12-16,,,
EU,Allocation,2024-12-16,,,
EU,Allocation,2024-12-23,,,
EU,Allocation,2024-12-23,,,
EU,Allocation,2024-12-30,44.1077459471,,0.38481383467455976
EU,Allocation,2024-12-30,88.2154918942,1.0,0.38481383467455976
EU,Allocation,2025-01-06,,,
EU,Allocation,2025-01-06,,,
EU,Allocation,2025-01-13,,,
EU,Allocation,2025-01-13,,,
EU,Allocation,2025-01-20,,,
EU,Allocation,2025-01-20,,,
EU,Allocation,2025-01-27,44.243083406400004,,0.40246009766345714
EU,Allocation,2025-01-27,88.48616681280001,1.0,0.40246009766345714
EU,Allocation,2025-02-03,2.604848302,-0.970562084494961,
EU,Allocation,2025-02-03,5.209696604,1.0,
EU,Allocation,2025-02-10,,,
EU,Allocation,2025-02-10,,,
EU,Allocation,2025-02-17,,,
EU,Allocation,2025-02-17,,,
EU,Allocation,2025-02-24,39.2885227649,,1.7277033466627136
EU,Allocation,2025-02-24,78.5770455298,1.0,1.7277033466627136
EU,Allocation,2025-03-03,2.099335527,-0.9732830941549738,-0.8719931215184427
EU,Allocation,2025-03-03,4.198671054,1.0,-0.8719931215184427
EU,Allocation,2025-03-10,,,
EU,Allocation,2025-03-10,,,
EU,Allocation,2025-03-17,,,
EU,Allocation,2025-03-17,,,
EU,Allocation,2025-03-24,,,
EU,Allocation,2025-03-24,,,
EU,Allocation,2025-03-31,39.40632742847,,0.26046506134224723
EU,Allocation,2025-03-31,78.81265485694,1.0,0.26046506134224723
EU,Allocation,2025-04-07,,,
EU,Allocation,2025-04-07,,,
EU,Allocation,2025-04-14,,,
EU,Allocation,2025-04-14,,,
EU,Allocation,2025-04-21,,,
EU,Allocation,2025-04-21,,,
EU,Allocation,2025-04-28,36.21074156822,,0.12442660934831795
EU,Allocation,2025-04-28,72.42148313644,1.0,0.12442660934831795
EU,Allocation,2025-05-05,,,
EU,Allocation,2025-05-05,,,
EU,Allocation,2025-05-12,,,
EU,Allocation,2025-05-12,,,
EU,Allocation,2025-05-19,,,
EU,Allocation,2025-05-19,,,
EU,Allocation,2025-05-26,16.928907853600002,,-0.10963471322603213
EU,Allocation,2025-05-26,33.857815707200004,1.0,-0.10963471322603213
EU,Allocation,2025-06-02,17.545736932799997,-0.4817817816561385,-0.2861296902747601
EU,Allocation,2025-06-02,35.091473865599994,1.0,-0.2861296902747601
EU,Allocation,2025-06-09,,,
EU,Allocation,2025-06-09,,,
EU,Allocation,2025-06-16,,,
EU,Allocation,2025-06-16,,,
EU,Allocation,2025-06-23,,,
EU,Allocation,2025-06-23,,,
EU,Allocation,2025-06-30,40.1757138657,,-0.08914606713559636
EU,Allocation,2025-06-30,80.3514277314,1.0,-0.08914606713559636
EU,Allocation,2025-07-07,,,
EU,Allocation,2025-07-07,,,
EU,Allocation,2025-07-14,,,
EU,Allocation,2025-07-14,,,
EU,Allocation,2025-07-21,,,
EU,Allocation,2025-07-21,,,
EU,Allocation,2025-07-28,35.32922094023,,-0.2014747115224922
EU,Allocation,2025-07-28,70.65844188046,1.0,-0.2014747115224922
EU,Allocation,2025-08-04,,,
EU,Allocation,2025-08-04,,,
EU,Allocation,2025-08-11,,,
EU,Allocation,2025-08-11,,,
EU,Allocation,2025-08-18,,,
EU,Allocation,2025-08-18,,,
EU,Allocation,2025-08-25,,,
EU,Allocation,2025-08-25,,,
EU,Allocation,2025-09-01,30.4319553197,,13.495994055408561
EU,Allocation,2025-09-01,60.8639106394,1.0,13.495994055408561
EU,Allocation,2025-09-08,,,
EU,Allocation,2025-09-08,,,
EU,Allocation,2025-09-15,,,
EU,Allocation,2025-09-15,,,
EU,Allocation,2025-09-22,,,
EU,Allocation,2025-09-22,,,
EU,Allocation,2025-09-29,32.2253598833,,-0.18222879455602214
EU,Allocation,2025-09-29,64.4507197666,1.0,-0.18222879455602214
EU,Allocation,2025-10-06,,,
EU,Allocation,2025-10-06,,,
EU,Allocation,2025-10-13,,,
EU,Allocation,2025-10-13,,,
EU,Allocation,2025-10-20,,,
EU,Allocation,2025-10-20,,,
EU,Allocation,2025-10-27,33.78676765209,,-0.06694074219836965
EU,Allocation,2025-10-27,67.57353530418,1.0,-0.06694074219836965
EU,Allocation,2025-11-03,1.505955892,-0.9777138211694713,
EU,Allocation,2025-11-03,3.011911784,1.0,
EU,Allocation,2025-11-10,,,
EU,Allocation,2025-11-10,,,
EU,Allocation,2025-11-17,,,
EU,Allocation,2025-11-17,,,
EU,Allocation,2025-11-24,,,
EU,Allocation,2025-11-24,,,
EU,Allocation,2025-12-01,50.296779584700005,,1.8666096942713883
EU,Allocation,2025-12-01,100.59355916940001,1.0,1.8666096942713883
EU,Allocation,2025-12-08,,,
EU,Allocation,2025-12-08,,,
EU,Allocation,2025-12-15,,,
EU,Allocation,2025-12-15,,,
EU,Allocation,2025-12-22,,,
EU,Allocation,2025-12-22,,,
EU,Allocation,2025-12-29,46.9922840733,,0.16966892561975477
EU,Allocation,2025-12-29,93.9845681466,1.0,0.16966892561975477
EU,Allocation,2026-01-05,,,
EU,Allocation,2026-01-05,,,
EU,Allocation,2026-01-12,,,
EU,Allocation,2026-01-12,,,
EU,Allocation,2026-01-19,,,
EU,Allocation,2026-01-19,,,
EU,Allocation,2026-01-26,22.0503363414,,-0.37586123456543874
EU,Allocation,2026-01-26,44.1006726828,1.0,-0.37586123456543874
EU,Allocation,2026-02-02,27.637292848,-0.37331357626254513,
EU,Allocation,2026-02-02,55.274585696,1.0,
EU,Allocation,2026-02-09,,,
EU,Allocation,2026-02-09,,,
EU,Allocation,2026-02-16,,,
EU,Allocation,2026-02-16,,,
EU,Allocation,2026-02-23,18.5008862954,,
EU,Allocation,2026-02-23,37.0017725908,1.0,
EU,Allocation,2026-03-02,21.687777523900003,-0.4138719308465676,-0.28733539149682863
EU,Allocation,2026-03-02,43.375555047800006,1.0,-0.28733539149682863
EU,Allocation,2026-03-09,,,
EU,Allocation,2026-03-09,,,
EU,Allocation,2026-03-16,,,
EU,Allocation,2026-03-16,,,
EU,Allocation,2026-03-23,,,
EU,Allocation,2026-03-23,,,
EU,Allocation,2026-03-30,41.6256383381,,0.29170437471736244
EU,Allocation,2026-03-30,83.2512766762,1.0,0.29170437471736244
EU,Physical Flow,2019-10-28,53.305618671543996,,
EU,Physical Flow,2019-10-28,106.61123734308799,1.0,
EU,Physical Flow,2019-11-04,,,
EU,Physical Flow,2019-11-04,,,
EU,Physical Flow,2019-11-11,,,
EU,Physical Flow,2019-11-11,,,
EU,Physical Flow,2019-11-18,,,
EU,Physical Flow,2019-11-18,,,
EU,Physical Flow,2019-11-25,38.552064796399,,
EU,Physical Flow,2019-11-25,77.104129592798,1.0,
EU,Physical Flow,2019-12-02,27.243272783865002,-0.646669083384482,
EU,Physical Flow,2019-12-02,54.486545567730005,1.0,
EU,Physical Flow,2019-12-09,,,
EU,Physical Flow,2019-12-09,,,
EU,Physical Flow,2019-12-16,,,
EU,Physical Flow,2019-12-16,,,
EU,Physical Flow,2019-12-23,,,
EU,Physical Flow,2019-12-23,,,
EU,Physical Flow,2019-12-30,66.20848222159,,
EU,Physical Flow,2019-12-30,132.41696444318,1.0,
EU,Physical Flow,2020-01-06,,,
EU,Physical Flow,2020-01-06,,,
EU,Physical Flow,2020-01-13,,,
EU,Physical Flow,2020-01-13,,,
EU,Physical Flow,2020-01-20,,,
EU,Physical Flow,2020-01-20,,,
EU,Physical Flow,2020-01-27,62.107024954572,,
EU,Physical Flow,2020-01-27,124.214049909144,1.0,
EU,Physical Flow,2020-02-03,,,
EU,Physical Flow,2020-02-03,,,
EU,Physical Flow,2020-02-10,,,
EU,Physical Flow,2020-02-10,,,
EU,Physical Flow,2020-02-17,,,
EU,Physical Flow,2020-02-17,,,
EU,Physical Flow,2020-02-24,37.528292910851995,,
EU,Physical Flow,2020-02-24,75.056585821704,1.0000000000000004,
EU,Physical Flow,2020-03-02,30.116636578338003,-0.5987475815929104,
EU,Physical Flow,2020-03-02,60.233273156676006,1.0,
EU,Physical Flow,2020-03-09,,,
EU,Physical Flow,2020-03-09,,,
EU,Physical Flow,2020-03-16,,,
EU,Physical Flow,2020-03-16,,,
EU,Physical Flow,2020-03-23,,,
EU,Physical Flow,2020-03-23,,,
EU,Physical Flow,2020-03-30,70.73814577722099,,
EU,Physical Flow,2020-03-30,141.47629155444199,1.0,
EU,Physical Flow,2020-04-06,,,
EU,Physical Flow,2020-04-06,,,
EU,Physical Flow,2020-04-13,,,
EU,Physical Flow,2020-04-13,,,
EU,Physical Flow,2020-04-20,,,
EU,Physical Flow,2020-04-20,,,
EU,Physical Flow,2020-04-27,62.59152460993799,,0.17420126001372283
EU,Physical Flow,2020-04-27,125.18304921987598,1.0,0.17420126001372283
EU,Physical Flow,2020-05-04,,,
EU,Physical Flow,2020-05-04,,,
EU,Physical Flow,2020-05-11,,,
EU,Physical Flow,2020-05-11,,,
EU,Physical Flow,2020-05-18,,,
EU,Physical Flow,2020-05-18,,,
EU,Physical Flow,2020-05-25,,,
EU,Physical Flow,2020-05-25,,,
EU,Physical Flow,2020-06-01,57.613935242547,,1.1147949330327598
EU,Physical Flow,2020-06-01,115.227870485094,1.0,1.1147949330327598
EU,Physical Flow,2020-06-08,,,
EU,Physical Flow,2020-06-08,,,
EU,Physical Flow,2020-06-15,,,
EU,Physical Flow,2020-06-15,,,
EU,Physical Flow,2020-06-22,,,
EU,Physical Flow,2020-06-22,,,
EU,Physical Flow,2020-06-29,58.041744603222995,,-0.12334881187933211
EU,Physical Flow,2020-06-29,116.08348920644599,1.0,-0.12334881187933211
EU,Physical Flow,2020-07-06,,,
EU,Physical Flow,2020-07-06,,,
EU,Physical Flow,2020-07-13,,,
EU,Physical Flow,2020-07-13,,,
EU,Physical Flow,2020-07-20,,,
EU,Physical Flow,2020-07-20,,,
EU,Physical Flow,2020-07-27,54.18748354031099,,-0.1275144224031618
EU,Physical Flow,2020-07-27,108.374967080622,1.0000000000000004,-0.1275144224031617
EU,Physical Flow,2020-08-03,,,
EU,Physical Flow,2020-08-03,,,
EU,Physical Flow,2020-08-10,,,
EU,Physical Flow,2020-08-10,,,
EU,Physical Flow,2020-08-17,,,
EU,Physical Flow,2020-08-17,,,
EU,Physical Flow,2020-08-24,,,
EU,Physical Flow,2020-08-24,,,
EU,Physical Flow,2020-08-31,337.12530761317197,,10.193989300108504
EU,Physical Flow,2020-08-31,674.2506152263439,1.0,10.193989300108504
EU,Physical Flow,2020-09-07,,,
EU,Physical Flow,2020-09-07,,,
EU,Physical Flow,2020-09-14,,,
EU,Physical Flow,2020-09-14,,,
EU,Physical Flow,2020-09-21,,,
EU,Physical Flow,2020-09-21,,,
EU,Physical Flow,2020-09-28,55.728950345206,,-0.21217965592827615
EU,Physical Flow,2020-09-28,111.457900690412,1.0,-0.21217965592827615
EU,Physical Flow,2020-10-05,,,
EU,Physical Flow,2020-10-05,,,
EU,Physical Flow,2020-10-12,,,
EU,Physical Flow,2020-10-12,,,
EU,Physical Flow,2020-10-19,,,
EU,Physical Flow,2020-10-19,,,
EU,Physical Flow,2020-10-26,32.050199017162,,-0.48794666343575177
EU,Physical Flow,2020-10-26,64.100398034324,1.0,-0.48794666343575177
EU,Physical Flow,2020-11-02,24.231819707393,-0.6219708387080916,
EU,Physical Flow,2020-11-02,48.463639414786,1.0,
EU,Physical Flow,2020-11-09,,,
EU,Physical Flow,2020-11-09,,,
EU,Physical Flow,2020-11-16,,,
EU,Physical Flow,2020-11-16,,,
EU,Physical Flow,2020-11-23,,,
EU,Physical Flow,2020-11-23,,,
EU,Physical Flow,2020-11-30,80.295012998384,,0.3936734691069561
EU,Physical Flow,2020-11-30,160.590025996768,1.0,0.3936734691069561
EU,Physical Flow,2020-12-07,,,
EU,Physical Flow,2020-12-07,,,
EU,Physical Flow,2020-12-14,,,
EU,Physical Flow,2020-12-14,,,
EU,Physical Flow,2020-12-21,,,
EU,Physical Flow,2020-12-21,,,
EU,Physical Flow,2020-12-28,73.45053204616201,,0.26547767556393165
EU,Physical Flow,2020-12-28,146.90106409232402,1.0,0.26547767556393165
EU,Physical Flow,2021-01-04,,,
EU,Physical Flow,2021-01-04,,,
EU,Physical Flow,2021-01-11,,,
EU,Physical Flow,2021-01-11,,,
EU,Physical Flow,2021-01-18,,,
EU,Physical Flow,2021-01-18,,,
EU,Physical Flow,2021-01-25,,,
EU,Physical Flow,2021-01-25,,,
EU,Physical Flow,2021-02-01,79.483811127491,,
EU,Physical Flow,2021-02-01,158.967622254982,1.0,
EU,Physical Flow,2021-02-08,,,
EU,Physical Flow,2021-02-08,,,
EU,Physical Flow,2021-02-15,,,
EU,Physical Flow,2021-02-15,,,
EU,Physical Flow,2021-02-22,,,
EU,Physical Flow,2021-02-22,,,
EU,Physical Flow,2021-03-01,71.64712159504299,,-0.787476288557805
EU,Physical Flow,2021-03-01,143.294243190086,1.0000000000000004,-0.7874762885578049
EU,Physical Flow,2021-03-08,,,
EU,Physical Flow,2021-03-08,,,
EU,Physical Flow,2021-03-15,,,
EU,Physical Flow,2021-03-15,,,
EU,Physical Flow,2021-03-22,,,
EU,Physical Flow,2021-03-22,,,
EU,Physical Flow,2021-03-29,67.124792592376,,0.20448693500559179
EU,Physical Flow,2021-03-29,134.249585184752,1.0,0.20448693500559179
EU,Physical Flow,2021-04-05,,,
EU,Physical Flow,2021-04-05,,,
EU,Physical Flow,2021-04-12,,,
EU,Physical Flow,2021-04-12,,,
EU,Physical Flow,2021-04-19,,,
EU,Physical Flow,2021-04-19,,,
EU,Physical Flow,2021-04-26,66.216227306637,,1.066016104024191
EU,Physical Flow,2021-04-26,132.432454613274,1.0,1.066016104024191
EU,Physical Flow,2021-05-03,,,
EU,Physical Flow,2021-05-03,,,
EU,Physical Flow,2021-05-10,,,
EU,Physical Flow,2021-05-10,,,
EU,Physical Flow,2021-05-17,,,
EU,Physical Flow,2021-05-17,,,
EU,Physical Flow,2021-05-24,,,
EU,Physical Flow,2021-05-24,,,
EU,Physical Flow,2021-05-31,64.19232450647,,-0.200544067316336
EU,Physical Flow,2021-05-31,128.38464901294,1.0,-0.200544067316336
EU,Physical Flow,2021-06-07,,,
EU,Physical Flow,2021-06-07,,,
EU,Physical Flow,2021-06-14,,,
EU,Physical Flow,2021-06-14,,,
EU,Physical Flow,2021-06-21,,,
EU,Physical Flow,2021-06-21,,,
EU,Physical Flow,2021-06-28,55.822778523552,,-0.2399949058439953
EU,Physical Flow,2021-06-28,111.645557047104,1.0,-0.2399949058439953
EU,Physical Flow,2021-07-05,,,
EU,Physical Flow,2021-07-05,,,
EU,Physical Flow,2021-07-12,,,
EU,Physical Flow,2021-07-12,,,
EU,Physical Flow,2021-07-19,,,
EU,Physical Flow,2021-07-19,,,
EU,Physical Flow,2021-07-26,32.419243224882,,
EU,Physical Flow,2021-07-26,64.838486449764,1.0,
EU,Physical Flow,2021-08-02,21.349235338708,-0.6707320527099425,-0.7314014635701841
EU,Physical Flow,2021-08-02,42.698470677416,1.0,-0.7314014635701841
EU,Physical Flow,2021-08-09,,,
EU,Physical Flow,2021-08-09,,,
EU,Physical Flow,2021-08-16,,,
EU,Physical Flow,2021-08-16,,,
EU,Physical Flow,2021-08-23,,,
EU,Physical Flow,2021-08-23,,,
EU,Physical Flow,2021-08-30,61.288975626474,,-0.14457169720110064
EU,Physical Flow,2021-08-30,122.577951252948,1.0,-0.14457169720110075
EU,Physical Flow,2021-09-06,,,
EU,Physical Flow,2021-09-06,,,
EU,Physical Flow,2021-09-13,,,
EU,Physical Flow,2021-09-13,,,
EU,Physical Flow,2021-09-20,,,
EU,Physical Flow,2021-09-20,,,
EU,Physical Flow,2021-09-27,65.950570468469,,-0.017493121074319218
EU,Physical Flow,2021-09-27,131.901140936938,1.0,-0.017493121074319218
EU,Physical Flow,2021-10-04,,,
EU,Physical Flow,2021-10-04,,,
EU,Physical Flow,2021-10-11,,,
EU,Physical Flow,2021-10-11,,,
EU,Physical Flow,2021-10-18,,,
EU,Physical Flow,2021-10-18,,,
EU,Physical Flow,2021-10-25,,,
EU,Physical Flow,2021-10-25,,,
EU,Physical Flow,2021-11-01,65.96724161408,,
EU,Physical Flow,2021-11-01,131.93448322816,1.0,
EU,Physical Flow,2021-11-08,,,
EU,Physical Flow,2021-11-08,,,
EU,Physical Flow,2021-11-15,,,
EU,Physical Flow,2021-11-15,,,
EU,Physical Flow,2021-11-22,,,
EU,Physical Flow,2021-11-22,,,
EU,Physical Flow,2021-11-29,92.15699419417501,,0.4356388384858447
EU,Physical Flow,2021-11-29,184.31398838835003,1.0,0.4356388384858447
EU,Physical Flow,2021-12-06,,,
EU,Physical Flow,2021-12-06,,,
EU,Physical Flow,2021-12-13,,,
EU,Physical Flow,2021-12-13,,,
EU,Physical Flow,2021-12-20,,,
EU,Physical Flow,2021-12-20,,,
EU,Physical Flow,2021-12-27,82.996810032566,,0.48679109545844446
EU,Physical Flow,2021-12-27,165.993620065132,1.0,0.48679109545844446
EU,Physical Flow,2022-01-03,,,
EU,Physical Flow,2022-01-03,,,
EU,Physical Flow,2022-01-10,,,
EU,Physical Flow,2022-01-10,,,
EU,Physical Flow,2022-01-17,,,
EU,Physical Flow,2022-01-17,,,
EU,Physical Flow,2022-01-24,,,
EU,Physical Flow,2022-01-24,,,
EU,Physical Flow,2022-01-31,82.356072327156,,2.8575654359778104
EU,Physical Flow,2022-01-31,164.712144654312,1.0,2.8575654359778104
EU,Physical Flow,2022-02-07,,,
EU,Physical Flow,2022-02-07,,,
EU,Physical Flow,2022-02-14,,,
EU,Physical Flow,2022-02-14,,,
EU,Physical Flow,2022-02-21,,,
EU,Physical Flow,2022-02-21,,,
EU,Physical Flow,2022-02-28,81.233780801215,,0.325422394009238
EU,Physical Flow,2022-02-28,162.46756160243,1.0,0.325422394009238
EU,Physical Flow,2022-03-07,,,
EU,Physical Flow,2022-03-07,,,
EU,Physical Flow,2022-03-14,,,
EU,Physical Flow,2022-03-14,,,
EU,Physical Flow,2022-03-21,,,
EU,Physical Flow,2022-03-21,,,
EU,Physical Flow,2022-03-28,80.4987923571,,0.22059281345544268
EU,Physical Flow,2022-03-28,160.9975847142,1.0,0.22059281345544268
EU,Physical Flow,2022-04-04,,,
EU,Physical Flow,2022-04-04,,,
EU,Physical Flow,2022-04-11,,,
EU,Physical Flow,2022-04-11,,,
EU,Physical Flow,2022-04-18,,,
EU,Physical Flow,2022-04-18,,,
EU,Physical Flow,2022-04-25,36.37841950808,,
EU,Physical Flow,2022-04-25,72.75683901616,1.0,
EU,Physical Flow,2022-05-02,38.523235138325,-0.47052076946651555,-0.4160247693288023
EU,Physical Flow,2022-05-02,77.04647027665,1.0,-0.4160247693288023
EU,Physical Flow,2022-05-09,,,
EU,Physical Flow,2022-05-09,,,
EU,Physical Flow,2022-05-16,,,
EU,Physical Flow,2022-05-16,,,
EU,Physical Flow,2022-05-23,,,
EU,Physical Flow,2022-05-23,,,
EU,Physical Flow,2022-05-30,72.613236506764,,-0.21207025965096338
EU,Physical Flow,2022-05-30,145.226473013528,1.0,-0.21207025965096338
EU,Physical Flow,2022-06-06,,,
EU,Physical Flow,2022-06-06,,,
EU,Physical Flow,2022-06-13,,,
EU,Physical Flow,2022-06-13,,,
EU,Physical Flow,2022-06-20,,,
EU,Physical Flow,2022-06-20,,,
EU,Physical Flow,2022-06-27,67.642844020767,,-0.18499465227367728
EU,Physical Flow,2022-06-27,135.285688041534,1.0,-0.18499465227367728
EU,Physical Flow,2022-07-04,,,
EU,Physical Flow,2022-07-04,,,
EU,Physical Flow,2022-07-11,,,
EU,Physical Flow,2022-07-11,,,
EU,Physical Flow,2022-07-18,,,
EU,Physical Flow,2022-07-18,,,
EU,Physical Flow,2022-07-25,,,
EU,Physical Flow,2022-07-25,,,
EU,Physical Flow,2022-08-01,60.46685412862473,,-0.2657875440146936
EU,Physical Flow,2022-08-01,120.93370825724946,1.0,-0.2657875440146936
EU,Physical Flow,2022-08-08,,,
EU,Physical Flow,2022-08-08,,,
EU,Physical Flow,2022-08-15,,,
EU,Physical Flow,2022-08-15,,,
EU,Physical Flow,2022-08-22,,,
EU,Physical Flow,2022-08-22,,,
EU,Physical Flow,2022-08-29,60.013516194316,,-0.26122463336806323
EU,Physical Flow,2022-08-29,120.027032388632,1.0,-0.26122463336806323
EU,Physical Flow,2022-09-05,,,
EU,Physical Flow,2022-09-05,,,
EU,Physical Flow,2022-09-12,,,
EU,Physical Flow,2022-09-12,,,
EU,Physical Flow,2022-09-19,,,
EU,Physical Flow,2022-09-19,,,
EU,Physical Flow,2022-09-26,54.452307066948,,-0.3235636775096875
EU,Physical Flow,2022-09-26,108.90461413389599,0.9999999999999998,-0.3235636775096875
EU,Physical Flow,2022-10-03,,,
EU,Physical Flow,2022-10-03,,,
EU,Physical Flow,2022-10-10,,,
EU,Physical Flow,2022-10-10,,,
EU,Physical Flow,2022-10-17,,,
EU,Physical Flow,2022-10-17,,,
EU,Physical Flow,2022-10-24,,,
EU,Physical Flow,2022-10-24,,,
EU,Physical Flow,2022-10-31,53.262942784291,,0.3826186350403926
EU,Physical Flow,2022-10-31,106.525885568582,1.0,0.3826186350403926
EU,Physical Flow,2022-11-07,,,
EU,Physical Flow,2022-11-07,,,
EU,Physical Flow,2022-11-14,,,
EU,Physical Flow,2022-11-14,,,
EU,Physical Flow,2022-11-21,,,
EU,Physical Flow,2022-11-21,,,
EU,Physical Flow,2022-11-28,66.01068884228499,,-0.09092760469179706
EU,Physical Flow,2022-11-28,132.02137768456998,1.0,-0.09092760469179706
EU,Physical Flow,2022-12-05,,,
EU,Physical Flow,2022-12-05,,,
EU,Physical Flow,2022-12-12,,,
EU,Physical Flow,2022-12-12,,,
EU,Physical Flow,2022-12-19,,,
EU,Physical Flow,2022-12-19,,,
EU,Physical Flow,2022-12-26,27.371606278328997,,-0.5953510430471307
EU,Physical Flow,2022-12-26,54.743212556657994,1.0,-0.5953510430471307
EU,Physical Flow,2023-01-02,22.858179121341998,-0.5824472468128483,
EU,Physical Flow,2023-01-02,45.716358242684,1.0000000000000004,
EU,Physical Flow,2023-01-09,,,
EU,Physical Flow,2023-01-09,,,
EU,Physical Flow,2023-01-16,,,
EU,Physical Flow,2023-01-16,,,
EU,Physical Flow,2023-01-23,,,
EU,Physical Flow,2023-01-23,,,
EU,Physical Flow,2023-01-30,60.721388546229,,0.004209486689398911
EU,Physical Flow,2023-01-30,121.442777092458,1.0,0.004209486689398911
EU,Physical Flow,2023-02-06,,,
EU,Physical Flow,2023-02-06,,,
EU,Physical Flow,2023-02-13,,,
EU,Physical Flow,2023-02-13,,,
EU,Physical Flow,2023-02-20,,,
EU,Physical Flow,2023-02-20,,,
EU,Physical Flow,2023-02-27,345.555635768514,,4.757963500249669
EU,Physical Flow,2023-02-27,691.111271537028,1.0,4.757963500249669
EU,Physical Flow,2023-03-06,,,
EU,Physical Flow,2023-03-06,,,
EU,Physical Flow,2023-03-13,,,
EU,Physical Flow,2023-03-13,,,
EU,Physical Flow,2023-03-20,,,
EU,Physical Flow,2023-03-20,,,
EU,Physical Flow,2023-03-27,48.824151355805,,-0.10335936187650041
EU,Physical Flow,2023-03-27,97.64830271161,1.0,-0.1033593618765003
EU,Physical Flow,2023-04-03,,,
EU,Physical Flow,2023-04-03,,,
EU,Physical Flow,2023-04-10,,,
EU,Physical Flow,2023-04-10,,,
EU,Physical Flow,2023-04-17,,,
EU,Physical Flow,2023-04-17,,,
EU,Physical Flow,2023-04-24,,,
EU,Physical Flow,2023-04-24,,,
EU,Physical Flow,2023-05-01,53.932915344642,,0.012578587012443299
EU,Physical Flow,2023-05-01,107.865830689284,1.0,0.012578587012443299
EU,Physical Flow,2023-05-08,,,
EU,Physical Flow,2023-05-08,,,
EU,Physical Flow,2023-05-15,,,
EU,Physical Flow,2023-05-15,,,
EU,Physical Flow,2023-05-22,,,
EU,Physical Flow,2023-05-22,,,
EU,Physical Flow,2023-05-29,43.998009595837004,,-0.33347143670991586
EU,Physical Flow,2023-05-29,87.99601919167401,1.0,-0.33347143670991586
EU,Physical Flow,2023-06-05,,,
EU,Physical Flow,2023-06-05,,,
EU,Physical Flow,2023-06-12,,,
EU,Physical Flow,2023-06-12,,,
EU,Physical Flow,2023-06-19,,,
EU,Physical Flow,2023-06-19,,,
EU,Physical Flow,2023-06-26,39.65587158785,,0.44879592321356965
EU,Physical Flow,2023-06-26,79.3117431757,1.0,0.44879592321356965
EU,Physical Flow,2023-07-03,,,
EU,Physical Flow,2023-07-03,,,
EU,Physical Flow,2023-07-10,,,
EU,Physical Flow,2023-07-10,,,
EU,Physical Flow,2023-07-17,,,
EU,Physical Flow,2023-07-17,,,
EU,Physical Flow,2023-07-24,,,
EU,Physical Flow,2023-07-24,,,
EU,Physical Flow,2023-07-31,41.415581408440005,,-0.3179408047148149
EU,Physical Flow,2023-07-31,82.83116281688001,1.0,-0.3179408047148149
EU,Physical Flow,2023-08-07,,,
EU,Physical Flow,2023-08-07,,,
EU,Physical Flow,2023-08-14,,,
EU,Physical Flow,2023-08-14,,,
EU,Physical Flow,2023-08-21,,,
EU,Physical Flow,2023-08-21,,,
EU,Physical Flow,2023-08-28,36.051660631930005,,-0.8956704596880578
EU,Physical Flow,2023-08-28,72.10332126386001,1.0,-0.8956704596880578
EU,Physical Flow,2023-09-04,,,
EU,Physical Flow,2023-09-04,,,
EU,Physical Flow,2023-09-11,,,
EU,Physical Flow,2023-09-11,,,
EU,Physical Flow,2023-09-18,,,
EU,Physical Flow,2023-09-18,,,
EU,Physical Flow,2023-09-25,19.060980714722998,,-0.6095993440660854
EU,Physical Flow,2023-09-25,38.121961429445996,1.0,-0.6095993440660854
EU,Physical Flow,2023-10-02,16.191871759498,-0.5752613152010813,
EU,Physical Flow,2023-10-02,32.383743518996,1.0,
EU,Physical Flow,2023-10-09,,,
EU,Physical Flow,2023-10-09,,,
EU,Physical Flow,2023-10-16,,,
EU,Physical Flow,2023-10-16,,,
EU,Physical Flow,2023-10-23,,,
EU,Physical Flow,2023-10-23,,,
EU,Physical Flow,2023-10-30,41.57717346305,,-0.22909464104872435
EU,Physical Flow,2023-10-30,83.1543469261,1.0,-0.22909464104872435
EU,Physical Flow,2023-11-06,,,
EU,Physical Flow,2023-11-06,,,
EU,Physical Flow,2023-11-13,,,
EU,Physical Flow,2023-11-13,,,
EU,Physical Flow,2023-11-20,,,
EU,Physical Flow,2023-11-20,,,
EU,Physical Flow,2023-11-27,60.85527775022899,,0.38313706254536983
EU,Physical Flow,2023-11-27,121.710555500458,1.0000000000000004,0.38313706254537006
EU,Physical Flow,2023-12-04,,,
EU,Physical Flow,2023-12-04,,,
EU,Physical Flow,2023-12-11,,,
EU,Physical Flow,2023-12-11,,,
EU,Physical Flow,2023-12-18,,,
EU,Physical Flow,2023-12-18,,,
EU,Physical Flow,2023-12-25,,,
EU,Physical Flow,2023-12-25,,,
EU,Physical Flow,2024-01-01,45.1384590248518,,
EU,Physical Flow,2024-01-01,90.2769180497036,1.0,
EU,Physical Flow,2024-01-08,,,
EU,Physical Flow,2024-01-08,,,
EU,Physical Flow,2024-01-15,,,
EU,Physical Flow,2024-01-15,,,
EU,Physical Flow,2024-01-22,,,
EU,Physical Flow,2024-01-22,,,
EU,Physical Flow,2024-01-29,53.263261256688,,0.28606817640458315
EU,Physical Flow,2024-01-29,106.526522513376,1.0,0.28606817640458315
EU,Physical Flow,2024-02-05,,,
EU,Physical Flow,2024-02-05,,,
EU,Physical Flow,2024-02-12,,,
EU,Physical Flow,2024-02-12,,,
EU,Physical Flow,2024-02-19,,,
EU,Physical Flow,2024-02-19,,,
EU,Physical Flow,2024-02-26,46.896188480971,,0.3008052239190413
EU,Physical Flow,2024-02-26,93.79237696194201,1.0000000000000004,0.3008052239190415
EU,Physical Flow,2024-03-04,,,
EU,Physical Flow,2024-03-04,,,
EU,Physical Flow,2024-03-11,,,
EU,Physical Flow,2024-03-11,,,
EU,Physical Flow,2024-03-18,,,
EU,Physical Flow,2024-03-18,,,
EU,Physical Flow,2024-03-25,,,
EU,Physical Flow,2024-03-25,,,
EU,Physical Flow,2024-04-01,41.03605157429401,,1.534361201954471
EU,Physical Flow,2024-04-01,82.07210314858801,1.0,1.534361201954471
EU,Physical Flow,2024-04-08,,,
EU,Physical Flow,2024-04-08,,,
EU,Physical Flow,2024-04-15,,,
EU,Physical Flow,2024-04-15,,,
EU,Physical Flow,2024-04-22,,,
EU,Physical Flow,2024-04-22,,,
EU,Physical Flow,2024-04-29,37.691292984037,,-0.09346187235326187
EU,Physical Flow,2024-04-29,75.382585968074,1.0,-0.09346187235326187
EU,Physical Flow,2024-05-06,,,
EU,Physical Flow,2024-05-06,,,
EU,Physical Flow,2024-05-13,,,
EU,Physical Flow,2024-05-13,,,
EU,Physical Flow,2024-05-20,,,
EU,Physical Flow,2024-05-20,,,
EU,Physical Flow,2024-05-27,34.768370492785,,-0.42867123808905505
EU,Physical Flow,2024-05-27,69.53674098557,1.0,-0.42867123808905516
EU,Physical Flow,2024-06-03,,,
EU,Physical Flow,2024-06-03,,,
EU,Physical Flow,2024-06-10,,,
EU,Physical Flow,2024-06-10,,,
EU,Physical Flow,2024-06-17,,,
EU,Physical Flow,2024-06-17,,,
EU,Physical Flow,2024-06-24,,,
EU,Physical Flow,2024-06-24,,,
EU,Physical Flow,2024-07-01,38.59943529189,,-0.14486590535493504
EU,Physical Flow,2024-07-01,77.19887058378,1.0,-0.14486590535493504
EU,Physical Flow,2024-07-08,,,
EU,Physical Flow,2024-07-08,,,
EU,Physical Flow,2024-07-15,,,
EU,Physical Flow,2024-07-15,,,
EU,Physical Flow,2024-07-22,,,
EU,Physical Flow,2024-07-22,,,
EU,Physical Flow,2024-07-29,38.176694033009,,-0.28324527765908536
EU,Physical Flow,2024-07-29,76.353388066018,1.0,-0.28324527765908536
EU,Physical Flow,2024-08-05,,,
EU,Physical Flow,2024-08-05,,,
EU,Physical Flow,2024-08-12,,,
EU,Physical Flow,2024-08-12,,,
EU,Physical Flow,2024-08-19,,,
EU,Physical Flow,2024-08-19,,,
EU,Physical Flow,2024-08-26,18.427720743992,,-0.6070529111023726
EU,Physical Flow,2024-08-26,36.855441487984,1.0,-0.6070529111023726
EU,Physical Flow,2024-09-02,15.844884169160999,-0.5700801963170916,
EU,Physical Flow,2024-09-02,31.689768338321997,1.0,
EU,Physical Flow,2024-09-09,,,
EU,Physical Flow,2024-09-09,,,
EU,Physical Flow,2024-09-16,,,
EU,Physical Flow,2024-09-16,,,
EU,Physical Flow,2024-09-23,,,
EU,Physical Flow,2024-09-23,,,
EU,Physical Flow,2024-09-30,35.673456195506,,-0.130680101351351
EU,Physical Flow,2024-09-30,71.346912391012,1.0,-0.130680101351351
EU,Physical Flow,2024-10-07,,,
EU,Physical Flow,2024-10-07,,,
EU,Physical Flow,2024-10-14,,,
EU,Physical Flow,2024-10-14,,,
EU,Physical Flow,2024-10-21,,,
EU,Physical Flow,2024-10-21,,,
EU,Physical Flow,2024-10-28,38.932084175615,,0.03291983621001027
EU,Physical Flow,2024-10-28,77.86416835123,1.0,0.03291983621001027
EU,Physical Flow,2024-11-04,,,
EU,Physical Flow,2024-11-04,,,
EU,Physical Flow,2024-11-11,,,
EU,Physical Flow,2024-11-11,,,
EU,Physical Flow,2024-11-18,,,
EU,Physical Flow,2024-11-18,,,
EU,Physical Flow,2024-11-25,25.525543469877,,-0.2658400981094595
EU,Physical Flow,2024-11-25,51.051086939754,1.0,-0.2658400981094595
EU,Physical Flow,2024-12-02,24.152580759446998,-0.5268938977156403,
EU,Physical Flow,2024-12-02,48.305161518893996,1.0,
EU,Physical Flow,2024-12-09,,,
EU,Physical Flow,2024-12-09,,,
EU,Physical Flow,2024-12-16,,,
EU,Physical Flow,2024-12-16,,,
EU,Physical Flow,2024-12-23,,,
EU,Physical Flow,2024-12-23,,,
EU,Physical Flow,2024-12-30,50.640388575003996,,0.31194635859462627
EU,Physical Flow,2024-12-30,101.28077715000799,1.0,0.31194635859462627
EU,Physical Flow,2025-01-06,,,
EU,Physical Flow,2025-01-06,,,
EU,Physical Flow,2025-01-13,,,
EU,Physical Flow,2025-01-13,,,
EU,Physical Flow,2025-01-20,,,
EU,Physical Flow,2025-01-20,,,
EU,Physical Flow,2025-01-27,51.927756544459996,,0.3601952149015657
EU,Physical Flow,2025-01-27,103.85551308891999,1.0,0.3601952149015657
EU,Physical Flow,2025-02-03,,,
EU,Physical Flow,2025-02-03,,,
EU,Physical Flow,2025-02-10,,,
EU,Physical Flow,2025-02-10,,,
EU,Physical Flow,2025-02-17,,,
EU,Physical Flow,2025-02-17,,,
EU,Physical Flow,2025-02-24,47.72499071066301,,1.5898477285218688
EU,Physical Flow,2025-02-24,95.44998142132602,1.0,1.5898477285218688
EU,Physical Flow,2025-03-03,,,
EU,Physical Flow,2025-03-03,,,
EU,Physical Flow,2025-03-10,,,
EU,Physical Flow,2025-03-10,,,
EU,Physical Flow,2025-03-17,,,
EU,Physical Flow,2025-03-17,,,
EU,Physical Flow,2025-03-24,,,
EU,Physical Flow,2025-03-24,,,
EU,Physical Flow,2025-03-31,46.291446050131,,0.2976439904346193
EU,Physical Flow,2025-03-31,92.582892100262,1.0,0.2976439904346193
EU,Physical Flow,2025-04-07,,,
EU,Physical Flow,2025-04-07,,,
EU,Physical Flow,2025-04-14,,,
EU,Physical Flow,2025-04-14,,,
EU,Physical Flow,2025-04-21,,,
EU,Physical Flow,2025-04-21,,,
EU,Physical Flow,2025-04-28,46.685126295956,,0.19914274523214703
EU,Physical Flow,2025-04-28,93.370252591912,1.0,0.19914274523214703
EU,Physical Flow,2025-05-05,,,
EU,Physical Flow,2025-05-05,,,
EU,Physical Flow,2025-05-12,,,
EU,Physical Flow,2025-05-12,,,
EU,Physical Flow,2025-05-19,,,
EU,Physical Flow,2025-05-19,,,
EU,Physical Flow,2025-05-26,23.583447490770002,,-0.0760844125179505
EU,Physical Flow,2025-05-26,47.166894981540004,1.0,-0.0760844125179505
EU,Physical Flow,2025-06-02,19.518085468802003,-0.5861910037444501,-0.1918840614509597
EU,Physical Flow,2025-06-02,39.036170937604005,1.0,-0.1918840614509597
EU,Physical Flow,2025-06-09,,,
EU,Physical Flow,2025-06-09,,,
EU,Physical Flow,2025-06-16,,,
EU,Physical Flow,2025-06-16,,,
EU,Physical Flow,2025-06-23,,,
EU,Physical Flow,2025-06-23,,,
EU,Physical Flow,2025-06-30,46.931462234268,,-0.07324047948887025
EU,Physical Flow,2025-06-30,93.862924468536,1.0,-0.07324047948887025
EU,Physical Flow,2025-07-07,,,
EU,Physical Flow,2025-07-07,,,
EU,Physical Flow,2025-07-14,,,
EU,Physical Flow,2025-07-14,,,
EU,Physical Flow,2025-07-21,,,
EU,Physical Flow,2025-07-21,,,
EU,Physical Flow,2025-07-28,42.248230757740004,,-0.1864036968058207
EU,Physical Flow,2025-07-28,84.49646151548001,1.0,-0.1864036968058207
EU,Physical Flow,2025-08-04,,,
EU,Physical Flow,2025-08-04,,,
EU,Physical Flow,2025-08-11,,,
EU,Physical Flow,2025-08-11,,,
EU,Physical Flow,2025-08-18,,,
EU,Physical Flow,2025-08-18,,,
EU,Physical Flow,2025-08-25,,,
EU,Physical Flow,2025-08-25,,,
EU,Physical Flow,2025-09-01,38.491067490909,,
EU,Physical Flow,2025-09-01,76.982134981818,1.0,
EU,Physical Flow,2025-09-08,,,
EU,Physical Flow,2025-09-08,,,
EU,Physical Flow,2025-09-15,,,
EU,Physical Flow,2025-09-15,,,
EU,Physical Flow,2025-09-22,,,
EU,Physical Flow,2025-09-22,,,
EU,Physical Flow,2025-09-29,41.442755870423,,-0.10474268128191855
EU,Physical Flow,2025-09-29,82.885511740846,1.0,-0.10474268128191855
EU,Physical Flow,2025-10-06,,,
EU,Physical Flow,2025-10-06,,,
EU,Physical Flow,2025-10-13,,,
EU,Physical Flow,2025-10-13,,,
EU,Physical Flow,2025-10-20,,,
EU,Physical Flow,2025-10-20,,,
EU,Physical Flow,2025-10-27,43.82195811293,,-0.06132934427284653
EU,Physical Flow,2025-10-27,87.64391622586,1.0,-0.06132934427284653
EU,Physical Flow,2025-11-03,,,
EU,Physical Flow,2025-11-03,,,
EU,Physical Flow,2025-11-10,,,
EU,Physical Flow,2025-11-10,,,
EU,Physical Flow,2025-11-17,,,
EU,Physical Flow,2025-11-17,,,
EU,Physical Flow,2025-11-24,,,
EU,Physical Flow,2025-11-24,,,
EU,Physical Flow,2025-12-01,60.369010130592,,2.092978060122071
EU,Physical Flow,2025-12-01,120.738020261184,1.0,2.092978060122071
EU,Physical Flow,2025-12-08,,,
EU,Physical Flow,2025-12-08,,,
EU,Physical Flow,2025-12-15,,,
EU,Physical Flow,2025-12-15,,,
EU,Physical Flow,2025-12-22,,,
EU,Physical Flow,2025-12-22,,,
EU,Physical Flow,2025-12-29,59.824687196943,,0.2747245525467721
EU,Physical Flow,2025-12-29,119.649374393886,1.0,0.2747245525467721
EU,Physical Flow,2026-01-05,,,
EU,Physical Flow,2026-01-05,,,
EU,Physical Flow,2026-01-12,,,
EU,Physical Flow,2026-01-12,,,
EU,Physical Flow,2026-01-19,,,
EU,Physical Flow,2026-01-19,,,
EU,Physical Flow,2026-01-26,29.41110714629,,-0.3038499691279546
EU,Physical Flow,2026-01-26,58.82221429258,1.0,-0.3038499691279546
EU,Physical Flow,2026-02-02,34.063407355664005,-0.42090912820395376,
EU,Physical Flow,2026-02-02,68.12681471132801,1.0,
EU,Physical Flow,2026-02-09,,,
EU,Physical Flow,2026-02-09,,,
EU,Physical Flow,2026-02-16,,,
EU,Physical Flow,2026-02-16,,,
EU,Physical Flow,2026-02-23,24.44801892874,,
EU,Physical Flow,2026-02-23,48.89603785748,1.0,
EU,Physical Flow,2026-03-02,24.04465360734,-0.5082494479936333,-0.3753186083233734
EU,Physical Flow,2026-03-02,48.08930721468,1.0,-0.3753186083233734
EU,Physical Flow,2026-03-09,,,
EU,Physical Flow,2026-03-09,,,
EU,Physical Flow,2026-03-16,,,
EU,Physical Flow,2026-03-16,,,
EU,Physical Flow,2026-03-23,,,
EU,Physical Flow,2026-03-23,,,
EU,Physical Flow,2026-03-30,51.579538823144006,,0.24459722187431687
EU,Physical Flow,2026-03-30,103.159077646288,0.9999999999999998,0.24459722187431687
EU,Physical Flow,2026-04-06,,,
EU,Physical Flow,2026-04-06,,,
EU,Physical Flow,2026-04-13,,,
EU,Physical Flow,2026-04-13,,,
EU,Physical Flow,2026-04-20,,,
EU,Physical Flow,2026-04-20,,,
FR,Allocation,2019-10-28,8.85960322,,
FR,Allocation,2019-11-04,,,
FR,Allocation,2019-11-11,,,
FR,Allocation,2019-11-18,,,
FR,Allocation,2019-11-25,6.640568958,,
FR,Allocation,2019-12-02,7.41591326,0.11675871554137385,
FR,Allocation,2019-12-09,,,
FR,Allocation,2019-12-16,,,
FR,Allocation,2019-12-23,,,
FR,Allocation,2019-12-30,13.025769623,,
FR,Allocation,2020-01-06,,,
FR,Allocation,2020-01-13,,,
FR,Allocation,2020-01-20,,,
FR,Allocation,2020-01-27,10.135058925,,
FR,Allocation,2020-02-03,,,
FR,Allocation,2020-02-10,,,
FR,Allocation,2020-02-17,,,
FR,Allocation,2020-02-24,5.738331797,,
FR,Allocation,2020-03-02,6.884387564,0.19971932741832,
FR,Allocation,2020-03-09,,,
FR,Allocation,2020-03-16,,,
FR,Allocation,2020-03-23,,,
FR,Allocation,2020-03-30,11.306874103,,
FR,Allocation,2020-04-06,,,
FR,Allocation,2020-04-13,,,
FR,Allocation,2020-04-20,,,
FR,Allocation,2020-04-27,9.48219064,,
FR,Allocation,2020-05-04,,,
FR,Allocation,2020-05-11,,,
FR,Allocation,2020-05-18,,,
FR,Allocation,2020-05-25,,,
FR,Allocation,2020-06-01,7.388594653,,
FR,Allocation,2020-06-08,,,
FR,Allocation,2020-06-15,,,
FR,Allocation,2020-06-22,,,
FR,Allocation,2020-06-29,7.080890431,,
FR,Allocation,2020-07-06,,,
FR,Allocation,2020-07-13,,,
FR,Allocation,2020-07-20,,,
FR,Allocation,2020-07-27,6.572672539,,
FR,Allocation,2020-08-03,,,
FR,Allocation,2020-08-10,,,
FR,Allocation,2020-08-17,,,
FR,Allocation,2020-08-24,,,
FR,Allocation,2020-08-31,6.001178012,,
FR,Allocation,2020-09-07,,,
FR,Allocation,2020-09-14,,,
FR,Allocation,2020-09-21,,,
FR,Allocation,2020-09-28,7.200133924,,
FR,Allocation,2020-10-05,,,
FR,Allocation,2020-10-12,,,
FR,Allocation,2020-10-19,,,
FR,Allocation,2020-10-26,3.816169181,,-0.5692618409382898
FR,Allocation,2020-11-02,3.960002375,0.037690465799084416,
FR,Allocation,2020-11-09,,,
FR,Allocation,2020-11-16,,,
FR,Allocation,2020-11-23,,,
FR,Allocation,2020-11-30,13.780542425,,0.8582394294347504
FR,Allocation,2020-12-07,,,
FR,Allocation,2020-12-14,,,
FR,Allocation,2020-12-21,,,
FR,Allocation,2020-12-28,13.12348664,,0.007501822911673228
FR,Allocation,2021-01-04,,,
FR,Allocation,2021-01-11,,,
FR,Allocation,2021-01-18,,,
FR,Allocation,2021-01-25,,,
FR,Allocation,2021-02-01,10.784293843,,
FR,Allocation,2021-02-08,,,
FR,Allocation,2021-02-15,,,
FR,Allocation,2021-02-22,,,
FR,Allocation,2021-03-01,11.109529993,,0.6137281478884504
FR,Allocation,2021-03-08,,,
FR,Allocation,2021-03-15,,,
FR,Allocation,2021-03-22,,,
FR,Allocation,2021-03-29,9.149240942,,-0.19082490362455928
FR,Allocation,2021-04-05,,,
FR,Allocation,2021-04-12,,,
FR,Allocation,2021-04-19,,,
FR,Allocation,2021-04-26,8.198539813,,-0.13537492291971054
FR,Allocation,2021-05-03,,,
FR,Allocation,2021-05-10,,,
FR,Allocation,2021-05-17,,,
FR,Allocation,2021-05-24,,,
FR,Allocation,2021-05-31,7.572838121,,0.0249361991898136
FR,Allocation,2021-06-07,,,
FR,Allocation,2021-06-14,,,
FR,Allocation,2021-06-21,,,
FR,Allocation,2021-06-28,6.518612279,,-0.07940783118721306
FR,Allocation,2021-07-05,,,
FR,Allocation,2021-07-12,,,
FR,Allocation,2021-07-19,,,
FR,Allocation,2021-07-26,3.052059159,,-0.5356441172308342
FR,Allocation,2021-08-02,3.045644959,-0.0021015975332868697,
FR,Allocation,2021-08-09,,,
FR,Allocation,2021-08-16,,,
FR,Allocation,2021-08-23,,,
FR,Allocation,2021-08-30,6.710320502,,0.11816721460053237
FR,Allocation,2021-09-06,,,
FR,Allocation,2021-09-13,,,
FR,Allocation,2021-09-20,,,
FR,Allocation,2021-09-27,7.883014615,,0.09484277628833726
FR,Allocation,2021-10-04,,,
FR,Allocation,2021-10-11,,,
FR,Allocation,2021-10-18,,,
FR,Allocation,2021-10-25,,,
FR,Allocation,2021-11-01,10.258403039,,1.5905042642809017
FR,Allocation,2021-11-08,,,
FR,Allocation,2021-11-15,,,
FR,Allocation,2021-11-22,,,
FR,Allocation,2021-11-29,15.610257555999999,,0.13277526200134315
FR,Allocation,2021-12-06,,,
FR,Allocation,2021-12-13,,,
FR,Allocation,2021-12-20,,,
FR,Allocation,2021-12-27,10.293547949,,-0.21563924044197447
FR,Allocation,2022-01-03,,,
FR,Allocation,2022-01-10,,,
FR,Allocation,2022-01-17,,,
FR,Allocation,2022-01-24,,,
FR,Allocation,2022-01-31,14.527166848,,0.34706704578802516
FR,Allocation,2022-02-07,,,
FR,Allocation,2022-02-14,,,
FR,Allocation,2022-02-21,,,
FR,Allocation,2022-02-28,14.344818569000001,,0.29121741226123166
FR,Allocation,2022-03-07,,,
FR,Allocation,2022-03-14,,,
FR,Allocation,2022-03-21,,,
FR,Allocation,2022-03-28,15.317443065,,0.674176378357749
FR,Allocation,2022-04-04,,,
FR,Allocation,2022-04-11,,,
FR,Allocation,2022-04-18,,,
FR,Allocation,2022-04-25,5.077096822,,-0.3807315768657352
FR,Allocation,2022-05-02,5.394826533,0.06258098321529304,
FR,Allocation,2022-05-09,,,
FR,Allocation,2022-05-16,,,
FR,Allocation,2022-05-23,,,
FR,Allocation,2022-05-30,8.81435714,,0.16394368916419633
FR,Allocation,2022-06-06,,,
FR,Allocation,2022-06-13,,,
FR,Allocation,2022-06-20,,,
FR,Allocation,2022-06-27,7.5049802539999995,,0.15131563786630298
FR,Allocation,2022-07-04,,,
FR,Allocation,2022-07-11,,,
FR,Allocation,2022-07-18,,,
FR,Allocation,2022-07-25,,,
FR,Allocation,2022-08-01,8.120295171,,1.6661988775166359
FR,Allocation,2022-08-08,,,
FR,Allocation,2022-08-15,,,
FR,Allocation,2022-08-22,,,
FR,Allocation,2022-08-29,7.431286684,,0.10744139296850519
FR,Allocation,2022-09-05,,,
FR,Allocation,2022-09-12,,,
FR,Allocation,2022-09-19,,,
FR,Allocation,2022-09-26,6.665692609,,-0.1544234110239563
FR,Allocation,2022-10-03,,,
FR,Allocation,2022-10-10,,,
FR,Allocation,2022-10-17,,,
FR,Allocation,2022-10-24,,,
FR,Allocation,2022-10-31,7.77383824,,-0.2421980097247376
FR,Allocation,2022-11-07,,,
FR,Allocation,2022-11-14,,,
FR,Allocation,2022-11-21,,,
FR,Allocation,2022-11-28,12.939739920000001,,-0.17107454034117142
FR,Allocation,2022-12-05,,,
FR,Allocation,2022-12-12,,,
FR,Allocation,2022-12-19,,,
FR,Allocation,2022-12-26,4.484941372,,-0.5642958682253281
FR,Allocation,2023-01-02,5.259156386,0.17262544809024982,
FR,Allocation,2023-01-09,,,
FR,Allocation,2023-01-16,,,
FR,Allocation,2023-01-23,,,
FR,Allocation,2023-01-30,12.927214053,,-0.11013522538431297
FR,Allocation,2023-02-06,,,
FR,Allocation,2023-02-13,,,
FR,Allocation,2023-02-20,,,
FR,Allocation,2023-02-27,15.010776449000002,,0.046424977548281676
FR,Allocation,2023-03-06,,,
FR,Allocation,2023-03-13,,,
FR,Allocation,2023-03-20,,,
FR,Allocation,2023-03-27,7.638901386,,-0.5012939592081977
FR,Allocation,2023-04-03,,,
FR,Allocation,2023-04-10,,,
FR,Allocation,2023-04-17,,,
FR,Allocation,2023-04-24,,,
FR,Allocation,2023-05-01,8.991688997999999,,0.666724396604431
FR,Allocation,2023-05-08,,,
FR,Allocation,2023-05-15,,,
FR,Allocation,2023-05-22,,,
FR,Allocation,2023-05-29,5.990803028,,-0.3203357961508694
FR,Allocation,2023-06-05,,,
FR,Allocation,2023-06-12,,,
FR,Allocation,2023-06-19,,,
FR,Allocation,2023-06-26,5.262955207,,-0.2987383005844747
FR,Allocation,2023-07-03,,,
FR,Allocation,2023-07-10,,,
FR,Allocation,2023-07-17,,,
FR,Allocation,2023-07-24,,,
FR,Allocation,2023-07-31,6.8726144719999995,,-0.15364967316161626
FR,Allocation,2023-08-07,,,
FR,Allocation,2023-08-14,,,
FR,Allocation,2023-08-21,,,
FR,Allocation,2023-08-28,5.080924424,,-0.31627931473300164
FR,Allocation,2023-09-04,,,
FR,Allocation,2023-09-11,,,
FR,Allocation,2023-09-18,,,
FR,Allocation,2023-09-25,2.668560446,,-0.5996574395889608
FR,Allocation,2023-10-02,3.150430859,0.18057316772505305,
FR,Allocation,2023-10-09,,,
FR,Allocation,2023-10-16,,,
FR,Allocation,2023-10-23,,,
FR,Allocation,2023-10-30,8.284339402,,0.06566912588600515
FR,Allocation,2023-11-06,,,
FR,Allocation,2023-11-13,,,
FR,Allocation,2023-11-20,,,
FR,Allocation,2023-11-27,13.364562037,,0.03283080800900673
FR,Allocation,2023-12-04,,,
FR,Allocation,2023-12-11,,,
FR,Allocation,2023-12-18,,,
FR,Allocation,2023-12-25,,,
FR,Allocation,2024-01-01,9.127674523,,0.7355776959396163
FR,Allocation,2024-01-08,,,
FR,Allocation,2024-01-15,,,
FR,Allocation,2024-01-22,,,
FR,Allocation,2024-01-29,10.665893714,,-0.17492712116693232
FR,Allocation,2024-02-05,,,
FR,Allocation,2024-02-12,,,
FR,Allocation,2024-02-19,,,
FR,Allocation,2024-02-26,9.777836606,,-0.3486122027584132
FR,Allocation,2024-03-04,,,
FR,Allocation,2024-03-11,,,
FR,Allocation,2024-03-18,,,
FR,Allocation,2024-03-25,,,
FR,Allocation,2024-04-01,8.78352625,,
FR,Allocation,2024-04-08,,,
FR,Allocation,2024-04-15,,,
FR,Allocation,2024-04-22,,,
FR,Allocation,2024-04-29,7.02526797,,-0.2186931763806984
FR,Allocation,2024-05-06,,,
FR,Allocation,2024-05-13,,,
FR,Allocation,2024-05-20,,,
FR,Allocation,2024-05-27,5.949516607,,-0.006891633860608426
FR,Allocation,2024-06-03,,,
FR,Allocation,2024-06-10,,,
FR,Allocation,2024-06-17,,,
FR,Allocation,2024-06-24,,,
FR,Allocation,2024-07-01,5.938861796,,
FR,Allocation,2024-07-08,,,
FR,Allocation,2024-07-15,,,
FR,Allocation,2024-07-22,,,
FR,Allocation,2024-07-29,6.096036782,,-0.11299596291395175
FR,Allocation,2024-08-05,,,
FR,Allocation,2024-08-12,,,
FR,Allocation,2024-08-19,,,
FR,Allocation,2024-08-26,2.940585006,,-0.421250000864016
FR,Allocation,2024-09-02,3.061693774,0.04118526339245032,
FR,Allocation,2024-09-09,,,
FR,Allocation,2024-09-16,,,
FR,Allocation,2024-09-23,,,
FR,Allocation,2024-09-30,6.555283411,,1.0807577453328898
FR,Allocation,2024-10-07,,,
FR,Allocation,2024-10-14,,,
FR,Allocation,2024-10-21,,,
FR,Allocation,2024-10-28,7.361781440000001,,-0.11136168102640465
FR,Allocation,2024-11-04,,,
FR,Allocation,2024-11-11,,,
FR,Allocation,2024-11-18,,,
FR,Allocation,2024-11-25,4.731509052,,-0.6459660227622317
FR,Allocation,2024-12-02,5.434162003,0.1485050421076528,
FR,Allocation,2024-12-09,,,
FR,Allocation,2024-12-16,,,
FR,Allocation,2024-12-23,,,
FR,Allocation,2024-12-30,10.190591061,,0.11644987289168252
FR,Allocation,2025-01-06,,,
FR,Allocation,2025-01-13,,,
FR,Allocation,2025-01-20,,,
FR,Allocation,2025-01-27,11.194804582,,0.04958898730687289
FR,Allocation,2025-02-03,,,
FR,Allocation,2025-02-10,,,
FR,Allocation,2025-02-17,,,
FR,Allocation,2025-02-24,9.713766679999999,,-0.006552566644515645
FR,Allocation,2025-03-03,,,
FR,Allocation,2025-03-10,,,
FR,Allocation,2025-03-17,,,
FR,Allocation,2025-03-24,,,
FR,Allocation,2025-03-31,9.45156661,,0.07605605550504291
FR,Allocation,2025-04-07,,,
FR,Allocation,2025-04-14,,,
FR,Allocation,2025-04-21,,,
FR,Allocation,2025-04-28,6.769595325,,-0.03639329433294203
FR,Allocation,2025-05-05,,,
FR,Allocation,2025-05-12,,,
FR,Allocation,2025-05-19,,,
FR,Allocation,2025-05-26,3.20952711,,-0.46053985188918056
FR,Allocation,2025-06-02,3.135008752,-0.02321786214792243,
FR,Allocation,2025-06-09,,,
FR,Allocation,2025-06-16,,,
FR,Allocation,2025-06-23,,,
FR,Allocation,2025-06-30,6.191697199,,0.04257304037118548
FR,Allocation,2025-07-07,,,
FR,Allocation,2025-07-14,,,
FR,Allocation,2025-07-21,,,
FR,Allocation,2025-07-28,5.88915053,,-0.033937828690745464
FR,Allocation,2025-08-04,,,
FR,Allocation,2025-08-11,,,
FR,Allocation,2025-08-18,,,
FR,Allocation,2025-08-25,,,
FR,Allocation,2025-09-01,4.726780236,,0.5438448731025833
FR,Allocation,2025-09-08,,,
FR,Allocation,2025-09-15,,,
FR,Allocation,2025-09-22,,,
FR,Allocation,2025-09-29,5.832796895,,-0.11021438291861507
FR,Allocation,2025-10-06,,,
FR,Allocation,2025-10-13,,,
FR,Allocation,2025-10-20,,,
FR,Allocation,2025-10-27,7.635847351000001,,0.03722820532417215
FR,Allocation,2025-11-03,,,
FR,Allocation,2025-11-10,,,
FR,Allocation,2025-11-17,,,
FR,Allocation,2025-11-24,,,
FR,Allocation,2025-12-01,10.980938091,,1.0207233580702657
FR,Allocation,2025-12-08,,,
FR,Allocation,2025-12-15,,,
FR,Allocation,2025-12-22,,,
FR,Allocation,2025-12-29,11.729914093,,0.15105336116283596
FR,Allocation,2026-01-05,,,
FR,Allocation,2026-01-12,,,
FR,Allocation,2026-01-19,,,
FR,Allocation,2026-01-26,4.889633044,,-0.563223010443435
FR,Allocation,2026-02-02,5.339089181,0.09192021833857678,
FR,Allocation,2026-02-09,,,
FR,Allocation,2026-02-16,,,
FR,Allocation,2026-02-23,4.366623734,,-0.5504705972616587
FR,Allocation,2026-03-02,4.638612156,0.062288037295773035,
FR,Allocation,2026-03-09,,,
FR,Allocation,2026-03-16,,,
FR,Allocation,2026-03-23,,,
FR,Allocation,2026-03-30,9.117070273,,-0.03539057077015095
FR,Physical Flow,2019-10-28,6.75445389,,
FR,Physical Flow,2019-11-04,,,
FR,Physical Flow,2019-11-11,,,
FR,Physical Flow,2019-11-18,,,
FR,Physical Flow,2019-11-25,4.537976753,,
FR,Physical Flow,2019-12-02,4.930381361,0.08647126888444001,
FR,Physical Flow,2019-12-09,,,
FR,Physical Flow,2019-12-16,,,
FR,Physical Flow,2019-12-23,,,
FR,Physical Flow,2019-12-30,9.079480014,,
FR,Physical Flow,2020-01-06,,,
FR,Physical Flow,2020-01-13,,,
FR,Physical Flow,2020-01-20,,,
FR,Physical Flow,2020-01-27,7.729379315,,
FR,Physical Flow,2020-02-03,,,
FR,Physical Flow,2020-02-10,,,
FR,Physical Flow,2020-02-17,,,
FR,Physical Flow,2020-02-24,4.23480139,,
FR,Physical Flow,2020-03-02,5.018549363,0.1850731358619866,
FR,Physical Flow,2020-03-09,,,
FR,Physical Flow,2020-03-16,,,
FR,Physical Flow,2020-03-23,,,
FR,Physical Flow,2020-03-30,8.261096929,,
FR,Physical Flow,2020-04-06,,,
FR,Physical Flow,2020-04-13,,,
FR,Physical Flow,2020-04-20,,,
FR,Physical Flow,2020-04-27,7.8567327240000004,,
FR,Physical Flow,2020-05-04,,,
FR,Physical Flow,2020-05-11,,,
FR,Physical Flow,2020-05-18,,,
FR,Physical Flow,2020-05-25,,,
FR,Physical Flow,2020-06-01,6.244557198,,
FR,Physical Flow,2020-06-08,,,
FR,Physical Flow,2020-06-15,,,
FR,Physical Flow,2020-06-22,,,
FR,Physical Flow,2020-06-29,5.737716322,,
FR,Physical Flow,2020-07-06,,,
FR,Physical Flow,2020-07-13,,,
FR,Physical Flow,2020-07-20,,,
FR,Physical Flow,2020-07-27,5.404443624,,
FR,Physical Flow,2020-08-03,,,
FR,Physical Flow,2020-08-10,,,
FR,Physical Flow,2020-08-17,,,
FR,Physical Flow,2020-08-24,,,
FR,Physical Flow,2020-08-31,4.496794092,,
FR,Physical Flow,2020-09-07,,,
FR,Physical Flow,2020-09-14,,,
FR,Physical Flow,2020-09-21,,,
FR,Physical Flow,2020-09-28,4.92129383,,
FR,Physical Flow,2020-10-05,,,
FR,Physical Flow,2020-10-12,,,
FR,Physical Flow,2020-10-19,,,
FR,Physical Flow,2020-10-26,2.824739546,,-0.5817960131192783
FR,Physical Flow,2020-11-02,2.875454392,0.01795381314776967,
FR,Physical Flow,2020-11-09,,,
FR,Physical Flow,2020-11-16,,,
FR,Physical Flow,2020-11-23,,,
FR,Physical Flow,2020-11-30,9.811854618,,0.9900802594324913
FR,Physical Flow,2020-12-07,,,
FR,Physical Flow,2020-12-14,,,
FR,Physical Flow,2020-12-21,,,
FR,Physical Flow,2020-12-28,9.239414724,,0.017614963605117273
FR,Physical Flow,2021-01-04,,,
FR,Physical Flow,2021-01-11,,,
FR,Physical Flow,2021-01-18,,,
FR,Physical Flow,2021-01-25,,,
FR,Physical Flow,2021-02-01,7.069062795,,
FR,Physical Flow,2021-02-08,,,
FR,Physical Flow,2021-02-15,,,
FR,Physical Flow,2021-02-22,,,
FR,Physical Flow,2021-03-01,7.912774628,,0.5767055488859203
FR,Physical Flow,2021-03-08,,,
FR,Physical Flow,2021-03-15,,,
FR,Physical Flow,2021-03-22,,,
FR,Physical Flow,2021-03-29,7.172559144,,-0.1317667368335511
FR,Physical Flow,2021-04-05,,,
FR,Physical Flow,2021-04-12,,,
FR,Physical Flow,2021-04-19,,,
FR,Physical Flow,2021-04-26,5.782773167,,-0.2639722680987563
FR,Physical Flow,2021-05-03,,,
FR,Physical Flow,2021-05-10,,,
FR,Physical Flow,2021-05-17,,,
FR,Physical Flow,2021-05-24,,,
FR,Physical Flow,2021-05-31,6.117585292999999,,-0.02033321194346127
FR,Physical Flow,2021-06-07,,,
FR,Physical Flow,2021-06-14,,,
FR,Physical Flow,2021-06-21,,,
FR,Physical Flow,2021-06-28,5.079563176,,-0.11470646317533295
FR,Physical Flow,2021-07-05,,,
FR,Physical Flow,2021-07-12,,,
FR,Physical Flow,2021-07-19,,,
FR,Physical Flow,2021-07-26,2.554686882,,-0.5272988193169096
FR,Physical Flow,2021-08-02,2.544369443,-0.004038631533553216,
FR,Physical Flow,2021-08-09,,,
FR,Physical Flow,2021-08-16,,,
FR,Physical Flow,2021-08-23,,,
FR,Physical Flow,2021-08-30,2.769251433,,-0.3841720620638104
FR,Physical Flow,2021-09-06,,,
FR,Physical Flow,2021-09-13,,,
FR,Physical Flow,2021-09-20,,,
FR,Physical Flow,2021-09-27,5.371430405,,0.09146712034465132
FR,Physical Flow,2021-10-04,,,
FR,Physical Flow,2021-10-11,,,
FR,Physical Flow,2021-10-18,,,
FR,Physical Flow,2021-10-25,,,
FR,Physical Flow,2021-11-01,6.869464628999999,,1.389001421170863
FR,Physical Flow,2021-11-08,,,
FR,Physical Flow,2021-11-15,,,
FR,Physical Flow,2021-11-22,,,
FR,Physical Flow,2021-11-29,11.246303056,,0.14619544355747816
FR,Physical Flow,2021-12-06,,,
FR,Physical Flow,2021-12-13,,,
FR,Physical Flow,2021-12-20,,,
FR,Physical Flow,2021-12-27,7.576076882,,-0.1800263211131078
FR,Physical Flow,2022-01-03,,,
FR,Physical Flow,2022-01-10,,,
FR,Physical Flow,2022-01-17,,,
FR,Physical Flow,2022-01-24,,,
FR,Physical Flow,2022-01-31,10.653154744,,0.5070109083675214
FR,Physical Flow,2022-02-07,,,
FR,Physical Flow,2022-02-14,,,
FR,Physical Flow,2022-02-21,,,
FR,Physical Flow,2022-02-28,9.533831339999999,,0.20486577568679354
FR,Physical Flow,2022-03-07,,,
FR,Physical Flow,2022-03-14,,,
FR,Physical Flow,2022-03-21,,,
FR,Physical Flow,2022-03-28,10.821388026,,0.508720640533487
FR,Physical Flow,2022-04-04,,,
FR,Physical Flow,2022-04-11,,,
FR,Physical Flow,2022-04-18,,,
FR,Physical Flow,2022-04-25,4.335784202,,-0.25022405742237896
FR,Physical Flow,2022-05-02,4.575705159,0.05533507799796156,
FR,Physical Flow,2022-05-09,,,
FR,Physical Flow,2022-05-16,,,
FR,Physical Flow,2022-05-23,,,
FR,Physical Flow,2022-05-30,6.174827388,,0.009356975384634092
FR,Physical Flow,2022-06-06,,,
FR,Physical Flow,2022-06-13,,,
FR,Physical Flow,2022-06-20,,,
FR,Physical Flow,2022-06-27,6.367352671,,0.253523669335302
FR,Physical Flow,2022-07-04,,,
FR,Physical Flow,2022-07-11,,,
FR,Physical Flow,2022-07-18,,,
FR,Physical Flow,2022-07-25,,,
FR,Physical Flow,2022-08-01,7.815916187999999,,2.0718480012809994
FR,Physical Flow,2022-08-08,,,
FR,Physical Flow,2022-08-15,,,
FR,Physical Flow,2022-08-22,,,
FR,Physical Flow,2022-08-29,7.509229467,,1.7116459623404663
FR,Physical Flow,2022-09-05,,,
FR,Physical Flow,2022-09-12,,,
FR,Physical Flow,2022-09-19,,,
FR,Physical Flow,2022-09-26,5.84385102,,0.08795061638707025
FR,Physical Flow,2022-10-03,,,
FR,Physical Flow,2022-10-10,,,
FR,Physical Flow,2022-10-17,,,
FR,Physical Flow,2022-10-24,,,
FR,Physical Flow,2022-10-31,6.757301141,,-0.016327835436620752
FR,Physical Flow,2022-11-07,,,
FR,Physical Flow,2022-11-14,,,
FR,Physical Flow,2022-11-21,,,
FR,Physical Flow,2022-11-28,11.072503703,,-0.015453909799031829
FR,Physical Flow,2022-12-05,,,
FR,Physical Flow,2022-12-12,,,
FR,Physical Flow,2022-12-19,,,
FR,Physical Flow,2022-12-26,3.888357993,,-0.4867583772495301
FR,Physical Flow,2023-01-02,4.199932595,0.08013012242208939,
FR,Physical Flow,2023-01-09,,,
FR,Physical Flow,2023-01-16,,,
FR,Physical Flow,2023-01-23,,,
FR,Physical Flow,2023-01-30,10.101750928,,-0.051759673941708106
FR,Physical Flow,2023-02-06,,,
FR,Physical Flow,2023-02-13,,,
FR,Physical Flow,2023-02-20,,,
FR,Physical Flow,2023-02-27,12.22047495,,0.28180104243379667
FR,Physical Flow,2023-03-06,,,
FR,Physical Flow,2023-03-13,,,
FR,Physical Flow,2023-03-20,,,
FR,Physical Flow,2023-03-27,6.040735869,,-0.4417780921924036
FR,Physical Flow,2023-04-03,,,
FR,Physical Flow,2023-04-10,,,
FR,Physical Flow,2023-04-17,,,
FR,Physical Flow,2023-04-24,,,
FR,Physical Flow,2023-05-01,8.339882231,,0.8226441479945892
FR,Physical Flow,2023-05-08,,,
FR,Physical Flow,2023-05-15,,,
FR,Physical Flow,2023-05-22,,,
FR,Physical Flow,2023-05-29,5.071732279,,-0.17864387774526724
FR,Physical Flow,2023-06-05,,,
FR,Physical Flow,2023-06-12,,,
FR,Physical Flow,2023-06-19,,,
FR,Physical Flow,2023-06-26,4.990426404,,-0.21624784084462412
FR,Physical Flow,2023-07-03,,,
FR,Physical Flow,2023-07-10,,,
FR,Physical Flow,2023-07-17,,,
FR,Physical Flow,2023-07-24,,,
FR,Physical Flow,2023-07-31,6.035013861,,-0.22785586285255588
FR,Physical Flow,2023-08-07,,,
FR,Physical Flow,2023-08-14,,,
FR,Physical Flow,2023-08-21,,,
FR,Physical Flow,2023-08-28,4.935579983,,-0.3427315006566438
FR,Physical Flow,2023-09-04,,,
FR,Physical Flow,2023-09-11,,,
FR,Physical Flow,2023-09-18,,,
FR,Physical Flow,2023-09-25,2.16895439,,-0.6288484455580798
FR,Physical Flow,2023-10-02,2.5213315,0.162464047941552,
FR,Physical Flow,2023-10-09,,,
FR,Physical Flow,2023-10-16,,,
FR,Physical Flow,2023-10-23,,,
FR,Physical Flow,2023-10-30,7.390321844,,0.09367951639140948
FR,Physical Flow,2023-11-06,,,
FR,Physical Flow,2023-11-13,,,
FR,Physical Flow,2023-11-20,,,
FR,Physical Flow,2023-11-27,10.656992959,,-0.03752635854955022
FR,Physical Flow,2023-12-04,,,
FR,Physical Flow,2023-12-11,,,
FR,Physical Flow,2023-12-18,,,
FR,Physical Flow,2023-12-25,,,
FR,Physical Flow,2024-01-01,7.494665112,,0.7844727129483848
FR,Physical Flow,2024-01-08,,,
FR,Physical Flow,2024-01-15,,,
FR,Physical Flow,2024-01-22,,,
FR,Physical Flow,2024-01-29,8.714124468,,-0.13736494493779106
FR,Physical Flow,2024-02-05,,,
FR,Physical Flow,2024-02-12,,,
FR,Physical Flow,2024-02-19,,,
FR,Physical Flow,2024-02-26,8.071253399,,-0.3395303020526219
FR,Physical Flow,2024-03-04,,,
FR,Physical Flow,2024-03-11,,,
FR,Physical Flow,2024-03-18,,,
FR,Physical Flow,2024-03-25,,,
FR,Physical Flow,2024-04-01,7.142978763,,
FR,Physical Flow,2024-04-08,,,
FR,Physical Flow,2024-04-15,,,
FR,Physical Flow,2024-04-22,,,
FR,Physical Flow,2024-04-29,5.181192451,,-0.37874513002820365
FR,Physical Flow,2024-05-06,,,
FR,Physical Flow,2024-05-13,,,
FR,Physical Flow,2024-05-20,,,
FR,Physical Flow,2024-05-27,4.849036915,,-0.043909132373191606
FR,Physical Flow,2024-06-03,,,
FR,Physical Flow,2024-06-10,,,
FR,Physical Flow,2024-06-17,,,
FR,Physical Flow,2024-06-24,,,
FR,Physical Flow,2024-07-01,4.50194076,,
FR,Physical Flow,2024-07-08,,,
FR,Physical Flow,2024-07-15,,,
FR,Physical Flow,2024-07-22,,,
FR,Physical Flow,2024-07-29,5.129582078,,-0.15002977687444286
FR,Physical Flow,2024-08-05,,,
FR,Physical Flow,2024-08-12,,,
FR,Physical Flow,2024-08-19,,,
FR,Physical Flow,2024-08-26,2.6490878110000002,,-0.46326717019591246
FR,Physical Flow,2024-09-02,2.709911475,0.022960229459905834,
FR,Physical Flow,2024-09-09,,,
FR,Physical Flow,2024-09-16,,,
FR,Physical Flow,2024-09-23,,,
FR,Physical Flow,2024-09-30,5.389476468,,1.137551713449818
FR,Physical Flow,2024-10-07,,,
FR,Physical Flow,2024-10-14,,,
FR,Physical Flow,2024-10-21,,,
FR,Physical Flow,2024-10-28,6.276966855,,-0.1506504063695009
FR,Physical Flow,2024-11-04,,,
FR,Physical Flow,2024-11-11,,,
FR,Physical Flow,2024-11-18,,,
FR,Physical Flow,2024-11-25,3.5334709220000002,,-0.668436402689379
FR,Physical Flow,2024-12-02,4.153633492,0.17551087406401455,
FR,Physical Flow,2024-12-09,,,
FR,Physical Flow,2024-12-16,,,
FR,Physical Flow,2024-12-23,,,
FR,Physical Flow,2024-12-30,7.581929434,,0.011643525187039705
FR,Physical Flow,2025-01-06,,,
FR,Physical Flow,2025-01-13,,,
FR,Physical Flow,2025-01-20,,,
FR,Physical Flow,2025-01-27,9.318128361,,0.06931320469635494
FR,Physical Flow,2025-02-03,,,
FR,Physical Flow,2025-02-10,,,
FR,Physical Flow,2025-02-17,,,
FR,Physical Flow,2025-02-24,7.978663612,,-0.011471550008759657
FR,Physical Flow,2025-03-03,,,
FR,Physical Flow,2025-03-10,,,
FR,Physical Flow,2025-03-17,,,
FR,Physical Flow,2025-03-24,,,
FR,Physical Flow,2025-03-31,8.642855137,,0.20997911708336958
FR,Physical Flow,2025-04-07,,,
FR,Physical Flow,2025-04-14,,,
FR,Physical Flow,2025-04-21,,,
FR,Physical Flow,2025-04-28,6.702011765,,0.29352689142177546
FR,Physical Flow,2025-05-05,,,
FR,Physical Flow,2025-05-12,,,
FR,Physical Flow,2025-05-19,,,
FR,Physical Flow,2025-05-26,3.140052618,,-0.352437881368449
FR,Physical Flow,2025-06-02,2.638359393,-0.1597722350651386,
FR,Physical Flow,2025-06-09,,,
FR,Physical Flow,2025-06-16,,,
FR,Physical Flow,2025-06-23,,,
FR,Physical Flow,2025-06-30,4.959321786,,0.10159641149964838
FR,Physical Flow,2025-07-07,,,
FR,Physical Flow,2025-07-14,,,
FR,Physical Flow,2025-07-21,,,
FR,Physical Flow,2025-07-28,5.318557846,,0.03684038292524616
FR,Physical Flow,2025-08-04,,,
FR,Physical Flow,2025-08-11,,,
FR,Physical Flow,2025-08-18,,,
FR,Physical Flow,2025-08-25,,,
FR,Physical Flow,2025-09-01,4.832568347,,0.7832938055661023
FR,Physical Flow,2025-09-08,,,
FR,Physical Flow,2025-09-15,,,
FR,Physical Flow,2025-09-22,,,
FR,Physical Flow,2025-09-29,4.653310941,,-0.13659314246401866
FR,Physical Flow,2025-10-06,,,
FR,Physical Flow,2025-10-13,,,
FR,Physical Flow,2025-10-20,,,
FR,Physical Flow,2025-10-27,6.338175145,,0.009751252701174273
FR,Physical Flow,2025-11-03,,,
FR,Physical Flow,2025-11-10,,,
FR,Physical Flow,2025-11-17,,,
FR,Physical Flow,2025-11-24,,,
FR,Physical Flow,2025-12-01,9.414471821000001,,1.2665629596671217
FR,Physical Flow,2025-12-08,,,
FR,Physical Flow,2025-12-15,,,
FR,Physical Flow,2025-12-22,,,
FR,Physical Flow,2025-12-29,9.58541672,,0.2642450452012475
FR,Physical Flow,2026-01-05,,,
FR,Physical Flow,2026-01-12,,,
FR,Physical Flow,2026-01-19,,,
FR,Physical Flow,2026-01-26,3.873330776,,-0.5843230930138932
FR,Physical Flow,2026-02-02,4.310829313,0.11295150409328225,
FR,Physical Flow,2026-02-09,,,
FR,Physical Flow,2026-02-16,,,
FR,Physical Flow,2026-02-23,3.550985473,,-0.5549398187862842
FR,Physical Flow,2026-03-02,3.69739034,0.041229362415924564,
FR,Physical Flow,2026-03-09,,,
FR,Physical Flow,2026-03-16,,,
FR,Physical Flow,2026-03-23,,,
FR,Physical Flow,2026-03-30,7.901010146,,-0.08583332466422666
IT,Allocation,2019-10-28,6.833153859,,
IT,Allocation,2019-11-04,,,
IT,Allocation,2019-11-11,,,
IT,Allocation,2019-11-18,,,
IT,Allocation,2019-11-25,4.753301396,,
IT,Allocation,2019-12-02,6.096579448,0.28259896440196175,
IT,Allocation,2019-12-09,,,
IT,Allocation,2019-12-16,,,
IT,Allocation,2019-12-23,,,
IT,Allocation,2019-12-30,11.027320755,,
IT,Allocation,2020-01-06,,,
IT,Allocation,2020-01-13,,,
IT,Allocation,2020-01-20,,,
IT,Allocation,2020-01-27,10.321498415,,
IT,Allocation,2020-02-03,,,
IT,Allocation,2020-02-10,,,
IT,Allocation,2020-02-17,,,
IT,Allocation,2020-02-24,4.7024193169999995,,
IT,Allocation,2020-03-02,5.790313334,0.23134772627934086,
IT,Allocation,2020-03-09,,,
IT,Allocation,2020-03-16,,,
IT,Allocation,2020-03-23,,,
IT,Allocation,2020-03-30,10.223094717,,
IT,Allocation,2020-04-06,,,
IT,Allocation,2020-04-13,,,
IT,Allocation,2020-04-20,,,
IT,Allocation,2020-04-27,7.449383976,,
IT,Allocation,2020-05-04,,,
IT,Allocation,2020-05-11,,,
IT,Allocation,2020-05-18,,,
IT,Allocation,2020-05-25,,,
IT,Allocation,2020-06-01,7.650956493,,
IT,Allocation,2020-06-08,,,
IT,Allocation,2020-06-15,,,
IT,Allocation,2020-06-22,,,
IT,Allocation,2020-06-29,9.221053039000001,,
IT,Allocation,2020-07-06,,,
IT,Allocation,2020-07-13,,,
IT,Allocation,2020-07-20,,,
IT,Allocation,2020-07-27,7.398634575,,
IT,Allocation,2020-08-03,,,
IT,Allocation,2020-08-10,,,
IT,Allocation,2020-08-17,,,
IT,Allocation,2020-08-24,,,
IT,Allocation,2020-08-31,8.599064896,,
IT,Allocation,2020-09-07,,,
IT,Allocation,2020-09-14,,,
IT,Allocation,2020-09-21,,,
IT,Allocation,2020-09-28,7.045084978,,
IT,Allocation,2020-10-05,,,
IT,Allocation,2020-10-12,,,
IT,Allocation,2020-10-19,,,
IT,Allocation,2020-10-26,3.396823688,,-0.5028907941936626
IT,Allocation,2020-11-02,4.38922589,0.2921559354128007,
IT,Allocation,2020-11-09,,,
IT,Allocation,2020-11-16,,,
IT,Allocation,2020-11-23,,,
IT,Allocation,2020-11-30,13.909505374,,1.2815261398033702
IT,Allocation,2020-12-07,,,
IT,Allocation,2020-12-14,,,
IT,Allocation,2020-12-21,,,
IT,Allocation,2020-12-28,10.481293091,,-0.04951589566780501
IT,Allocation,2021-01-04,,,
IT,Allocation,2021-01-11,,,
IT,Allocation,2021-01-18,,,
IT,Allocation,2021-01-25,,,
IT,Allocation,2021-02-01,12.983519282,,
IT,Allocation,2021-02-08,,,
IT,Allocation,2021-02-15,,,
IT,Allocation,2021-02-22,,,
IT,Allocation,2021-03-01,11.317211316,,0.9545075824388882
IT,Allocation,2021-03-08,,,
IT,Allocation,2021-03-15,,,
IT,Allocation,2021-03-22,,,
IT,Allocation,2021-03-29,9.015251469,,-0.1181484943097979
IT,Allocation,2021-04-05,,,
IT,Allocation,2021-04-12,,,
IT,Allocation,2021-04-19,,,
IT,Allocation,2021-04-26,8.848882687,,0.18786771033803928
IT,Allocation,2021-05-03,,,
IT,Allocation,2021-05-10,,,
IT,Allocation,2021-05-17,,,
IT,Allocation,2021-05-24,,,
IT,Allocation,2021-05-31,8.36070986,,0.09276661913440054
IT,Allocation,2021-06-07,,,
IT,Allocation,2021-06-14,,,
IT,Allocation,2021-06-21,,,
IT,Allocation,2021-06-28,8.159754699,,-0.11509513452653297
IT,Allocation,2021-07-05,,,
IT,Allocation,2021-07-12,,,
IT,Allocation,2021-07-19,,,
IT,Allocation,2021-07-26,4.035419608,,-0.4545723853377365
IT,Allocation,2021-08-02,4.283047177,0.06136352425633573,
IT,Allocation,2021-08-09,,,
IT,Allocation,2021-08-16,,,
IT,Allocation,2021-08-23,,,
IT,Allocation,2021-08-30,4.163164955,,-0.5158584095653742
IT,Allocation,2021-09-06,,,
IT,Allocation,2021-09-13,,,
IT,Allocation,2021-09-20,,,
IT,Allocation,2021-09-27,8.351775653,,0.18547550229421805
IT,Allocation,2021-10-04,,,
IT,Allocation,2021-10-11,,,
IT,Allocation,2021-10-18,,,
IT,Allocation,2021-10-25,,,
IT,Allocation,2021-11-01,8.939821436,,1.0367649467227582
IT,Allocation,2021-11-08,,,
IT,Allocation,2021-11-15,,,
IT,Allocation,2021-11-22,,,
IT,Allocation,2021-11-29,14.067587863,,0.01136506904806911
IT,Allocation,2021-12-06,,,
IT,Allocation,2021-12-13,,,
IT,Allocation,2021-12-20,,,
IT,Allocation,2021-12-27,10.214918994,,-0.025414239892664447
IT,Allocation,2022-01-03,,,
IT,Allocation,2022-01-10,,,
IT,Allocation,2022-01-17,,,
IT,Allocation,2022-01-24,,,
IT,Allocation,2022-01-31,13.681614322,,0.053767782435369504
IT,Allocation,2022-02-07,,,
IT,Allocation,2022-02-14,,,
IT,Allocation,2022-02-21,,,
IT,Allocation,2022-02-28,13.135926697,,0.1607034922489028
IT,Allocation,2022-03-07,,,
IT,Allocation,2022-03-14,,,
IT,Allocation,2022-03-21,,,
IT,Allocation,2022-03-28,9.708288517,,0.07687384543660136
IT,Allocation,2022-04-04,,,
IT,Allocation,2022-04-11,,,
IT,Allocation,2022-04-18,,,
IT,Allocation,2022-04-25,4.337275408,,-0.5098505018750058
IT,Allocation,2022-05-02,4.939403482,0.13882634081510936,
IT,Allocation,2022-05-09,,,
IT,Allocation,2022-05-16,,,
IT,Allocation,2022-05-23,,,
IT,Allocation,2022-05-30,8.275420635,,-0.010201194208167452
IT,Allocation,2022-06-06,,,
IT,Allocation,2022-06-13,,,
IT,Allocation,2022-06-20,,,
IT,Allocation,2022-06-27,10.487354626,,0.28525366421679976
IT,Allocation,2022-07-04,,,
IT,Allocation,2022-07-11,,,
IT,Allocation,2022-07-18,,,
IT,Allocation,2022-07-25,,,
IT,Allocation,2022-08-01,7.855400714,,0.8340682204444463
IT,Allocation,2022-08-08,,,
IT,Allocation,2022-08-15,,,
IT,Allocation,2022-08-22,,,
IT,Allocation,2022-08-29,8.900929526,,1.1380199012556305
IT,Allocation,2022-09-05,,,
IT,Allocation,2022-09-12,,,
IT,Allocation,2022-09-19,,,
IT,Allocation,2022-09-26,6.582118474,,-0.21188993245578036
IT,Allocation,2022-10-03,,,
IT,Allocation,2022-10-10,,,
IT,Allocation,2022-10-17,,,
IT,Allocation,2022-10-24,,,
IT,Allocation,2022-10-31,7.619223934,,-0.14772079190329823
IT,Allocation,2022-11-07,,,
IT,Allocation,2022-11-14,,,
IT,Allocation,2022-11-21,,,
IT,Allocation,2022-11-28,12.47706274,,-0.11306310211030102
IT,Allocation,2022-12-05,,,
IT,Allocation,2022-12-12,,,
IT,Allocation,2022-12-19,,,
IT,Allocation,2022-12-26,4.839909712,,-0.526192061352337
IT,Allocation,2023-01-02,5.762211846,0.19056184699339695,
IT,Allocation,2023-01-09,,,
IT,Allocation,2023-01-16,,,
IT,Allocation,2023-01-23,,,
IT,Allocation,2023-01-30,12.17044787,,-0.11045234987877472
IT,Allocation,2023-02-06,,,
IT,Allocation,2023-02-13,,,
IT,Allocation,2023-02-20,,,
IT,Allocation,2023-02-27,11.947418566,,-0.0904776768639729
IT,Allocation,2023-03-06,,,
IT,Allocation,2023-03-13,,,
IT,Allocation,2023-03-20,,,
IT,Allocation,2023-03-27,7.3486761110000005,,-0.24305132690155706
IT,Allocation,2023-04-03,,,
IT,Allocation,2023-04-10,,,
IT,Allocation,2023-04-17,,,
IT,Allocation,2023-04-24,,,
IT,Allocation,2023-05-01,7.675882897999999,,0.5540100997969049
IT,Allocation,2023-05-08,,,
IT,Allocation,2023-05-15,,,
IT,Allocation,2023-05-22,,,
IT,Allocation,2023-05-29,7.116530221,,-0.1400400614197903
IT,Allocation,2023-06-05,,,
IT,Allocation,2023-06-12,,,
IT,Allocation,2023-06-19,,,
IT,Allocation,2023-06-26,6.371054442,,-0.39250128662522443
IT,Allocation,2023-07-03,,,
IT,Allocation,2023-07-10,,,
IT,Allocation,2023-07-17,,,
IT,Allocation,2023-07-24,,,
IT,Allocation,2023-07-31,6.761995554,,-0.13919151928829276
IT,Allocation,2023-08-07,,,
IT,Allocation,2023-08-14,,,
IT,Allocation,2023-08-21,,,
IT,Allocation,2023-08-28,7.189883561,,-0.19223227866280268
IT,Allocation,2023-09-04,,,
IT,Allocation,2023-09-11,,,
IT,Allocation,2023-09-18,,,
IT,Allocation,2023-09-25,2.894621522,,-0.5602295015755135
IT,Allocation,2023-10-02,3.430631428,0.18517443538858624,
IT,Allocation,2023-10-09,,,
IT,Allocation,2023-10-16,,,
IT,Allocation,2023-10-23,,,
IT,Allocation,2023-10-30,6.725776027,,-0.11726232418672988
IT,Allocation,2023-11-06,,,
IT,Allocation,2023-11-13,,,
IT,Allocation,2023-11-20,,,
IT,Allocation,2023-11-27,9.42990735,,-0.24422057125922558
IT,Allocation,2023-12-04,,,
IT,Allocation,2023-12-11,,,
IT,Allocation,2023-12-18,,,
IT,Allocation,2023-12-25,,,
IT,Allocation,2024-01-01,8.867605359,,0.5389238709013617
IT,Allocation,2024-01-08,,,
IT,Allocation,2024-01-15,,,
IT,Allocation,2024-01-22,,,
IT,Allocation,2024-01-29,11.900863816,,-0.022150709397024126
IT,Allocation,2024-02-05,,,
IT,Allocation,2024-02-12,,,
IT,Allocation,2024-02-19,,,
IT,Allocation,2024-02-26,8.873206586,,-0.25731181702703554
IT,Allocation,2024-03-04,,,
IT,Allocation,2024-03-11,,,
IT,Allocation,2024-03-18,,,
IT,Allocation,2024-03-25,,,
IT,Allocation,2024-04-01,6.2618249089999996,,
IT,Allocation,2024-04-08,,,
IT,Allocation,2024-04-15,,,
IT,Allocation,2024-04-22,,,
IT,Allocation,2024-04-29,7.261201487,,-0.05402393659601645
IT,Allocation,2024-05-06,,,
IT,Allocation,2024-05-13,,,
IT,Allocation,2024-05-20,,,
IT,Allocation,2024-05-27,5.8430062220000005,,-0.1789529390660054
IT,Allocation,2024-06-03,,,
IT,Allocation,2024-06-10,,,
IT,Allocation,2024-06-17,,,
IT,Allocation,2024-06-24,,,
IT,Allocation,2024-07-01,6.921666805,,
IT,Allocation,2024-07-08,,,
IT,Allocation,2024-07-15,,,
IT,Allocation,2024-07-22,,,
IT,Allocation,2024-07-29,7.5208560669999995,,0.11222434367782186
IT,Allocation,2024-08-05,,,
IT,Allocation,2024-08-12,,,
IT,Allocation,2024-08-19,,,
IT,Allocation,2024-08-26,3.1025318630000003,,-0.5684864940193153
IT,Allocation,2024-09-02,3.94192691,0.27055162817517187,
IT,Allocation,2024-09-09,,,
IT,Allocation,2024-09-16,,,
IT,Allocation,2024-09-23,,,
IT,Allocation,2024-09-30,6.537073287,,0.9055014868825484
IT,Allocation,2024-10-07,,,
IT,Allocation,2024-10-14,,,
IT,Allocation,2024-10-21,,,
IT,Allocation,2024-10-28,5.525576895,,-0.17844768056234883
IT,Allocation,2024-11-04,,,
IT,Allocation,2024-11-11,,,
IT,Allocation,2024-11-18,,,
IT,Allocation,2024-11-25,4.2897116440000005,,-0.5450950380758512
IT,Allocation,2024-12-02,5.855619289,0.36503797340089905,
IT,Allocation,2024-12-09,,,
IT,Allocation,2024-12-16,,,
IT,Allocation,2024-12-23,,,
IT,Allocation,2024-12-30,9.778616757,,0.10273477011190923
IT,Allocation,2025-01-06,,,
IT,Allocation,2025-01-13,,,
IT,Allocation,2025-01-20,,,
IT,Allocation,2025-01-27,9.767134087,,-0.17929200451242255
IT,Allocation,2025-02-03,,,
IT,Allocation,2025-02-10,,,
IT,Allocation,2025-02-17,,,
IT,Allocation,2025-02-24,8.760532492,,-0.012698238557611874
IT,Allocation,2025-03-03,,,
IT,Allocation,2025-03-10,,,
IT,Allocation,2025-03-17,,,
IT,Allocation,2025-03-24,,,
IT,Allocation,2025-03-31,8.112642874,,0.29557165712823696
IT,Allocation,2025-04-07,,,
IT,Allocation,2025-04-14,,,
IT,Allocation,2025-04-21,,,
IT,Allocation,2025-04-28,7.804239964,,0.0747863116003904
IT,Allocation,2025-05-05,,,
IT,Allocation,2025-05-12,,,
IT,Allocation,2025-05-19,,,
IT,Allocation,2025-05-26,3.731650328,,-0.3613475347759094
IT,Allocation,2025-06-02,3.761561203,0.008015454925014431,
IT,Allocation,2025-06-09,,,
IT,Allocation,2025-06-16,,,
IT,Allocation,2025-06-23,,,
IT,Allocation,2025-06-30,8.988918976999999,,0.2986639244909448
IT,Allocation,2025-07-07,,,
IT,Allocation,2025-07-14,,,
IT,Allocation,2025-07-21,,,
IT,Allocation,2025-07-28,6.5447638139999995,,-0.12978472720451284
IT,Allocation,2025-08-04,,,
IT,Allocation,2025-08-11,,,
IT,Allocation,2025-08-18,,,
IT,Allocation,2025-08-25,,,
IT,Allocation,2025-09-01,6.670757049,,0.6922579239298985
IT,Allocation,2025-09-08,,,
IT,Allocation,2025-09-15,,,
IT,Allocation,2025-09-22,,,
IT,Allocation,2025-09-29,7.237065206,,0.10708032299286652
IT,Allocation,2025-10-06,,,
IT,Allocation,2025-10-13,,,
IT,Allocation,2025-10-20,,,
IT,Allocation,2025-10-27,6.350226054,,0.1492421831548867
IT,Allocation,2025-11-03,,,
IT,Allocation,2025-11-10,,,
IT,Allocation,2025-11-17,,,
IT,Allocation,2025-11-24,,,
IT,Allocation,2025-12-01,12.731828865999999,,1.1742924595383473
IT,Allocation,2025-12-08,,,
IT,Allocation,2025-12-15,,,
IT,Allocation,2025-12-22,,,
IT,Allocation,2025-12-29,10.510401325,,0.07483518233559505
IT,Allocation,2026-01-05,,,
IT,Allocation,2026-01-12,,,
IT,Allocation,2026-01-19,,,
IT,Allocation,2026-01-26,5.143753923999999,,-0.473360979978118
IT,Allocation,2026-02-02,6.694535161,0.30148822434220346,
IT,Allocation,2026-02-09,,,
IT,Allocation,2026-02-16,,,
IT,Allocation,2026-02-23,3.823942913,,-0.5635033696305591
IT,Allocation,2026-03-02,4.951795434,0.2949449159310711,
IT,Allocation,2026-03-09,,,
IT,Allocation,2026-03-16,,,
IT,Allocation,2026-03-23,,,
IT,Allocation,2026-03-30,8.534331321,,0.051979170481109005
IT,Physical Flow,2019-10-28,6.673666644,,
IT,Physical Flow,2019-11-04,,,
IT,Physical Flow,2019-11-11,,,
IT,Physical Flow,2019-11-18,,,
IT,Physical Flow,2019-11-25,4.551095141,,
IT,Physical Flow,2019-12-02,5.923718182,0.30160280074883183,
IT,Physical Flow,2019-12-09,,,
IT,Physical Flow,2019-12-16,,,
IT,Physical Flow,2019-12-23,,,
IT,Physical Flow,2019-12-30,10.883289949,,
IT,Physical Flow,2020-01-06,,,
IT,Physical Flow,2020-01-13,,,
IT,Physical Flow,2020-01-20,,,
IT,Physical Flow,2020-01-27,9.954936179999999,,
IT,Physical Flow,2020-02-03,,,
IT,Physical Flow,2020-02-10,,,
IT,Physical Flow,2020-02-17,,,
IT,Physical Flow,2020-02-24,4.397074988,,
IT,Physical Flow,2020-03-02,5.794841293,0.3178854826935238,
IT,Physical Flow,2020-03-09,,,
IT,Physical Flow,2020-03-16,,,
IT,Physical Flow,2020-03-23,,,
IT,Physical Flow,2020-03-30,9.492566778,,
IT,Physical Flow,2020-04-06,,,
IT,Physical Flow,2020-04-13,,,
IT,Physical Flow,2020-04-20,,,
IT,Physical Flow,2020-04-27,7.6106492779999995,,
IT,Physical Flow,2020-05-04,,,
IT,Physical Flow,2020-05-11,,,
IT,Physical Flow,2020-05-18,,,
IT,Physical Flow,2020-05-25,,,
IT,Physical Flow,2020-06-01,7.644877101,,
IT,Physical Flow,2020-06-08,,,
IT,Physical Flow,2020-06-15,,,
IT,Physical Flow,2020-06-22,,,
IT,Physical Flow,2020-06-29,8.83454748,,
IT,Physical Flow,2020-07-06,,,
IT,Physical Flow,2020-07-13,,,
IT,Physical Flow,2020-07-20,,,
IT,Physical Flow,2020-07-27,7.3508795970000005,,
IT,Physical Flow,2020-08-03,,,
IT,Physical Flow,2020-08-10,,,
IT,Physical Flow,2020-08-17,,,
IT,Physical Flow,2020-08-24,,,
IT,Physical Flow,2020-08-31,8.603805438,,
IT,Physical Flow,2020-09-07,,,
IT,Physical Flow,2020-09-14,,,
IT,Physical Flow,2020-09-21,,,
IT,Physical Flow,2020-09-28,7.114966751,,
IT,Physical Flow,2020-10-05,,,
IT,Physical Flow,2020-10-12,,,
IT,Physical Flow,2020-10-19,,,
IT,Physical Flow,2020-10-26,3.3351222160000003,,-0.5002563966843532
IT,Physical Flow,2020-11-02,4.296410839,0.2882319029834317,
IT,Physical Flow,2020-11-09,,,
IT,Physical Flow,2020-11-16,,,
IT,Physical Flow,2020-11-23,,,
IT,Physical Flow,2020-11-30,14.049359654,,1.371713039403332
IT,Physical Flow,2020-12-07,,,
IT,Physical Flow,2020-12-14,,,
IT,Physical Flow,2020-12-21,,,
IT,Physical Flow,2020-12-28,6.214853627,,-0.4289545113542578
IT,Physical Flow,2021-01-04,,,
IT,Physical Flow,2021-01-11,,,
IT,Physical Flow,2021-01-18,,,
IT,Physical Flow,2021-01-25,,,
IT,Physical Flow,2021-02-01,13.111241033999999,,
IT,Physical Flow,2021-02-08,,,
IT,Physical Flow,2021-02-15,,,
IT,Physical Flow,2021-02-22,,,
IT,Physical Flow,2021-03-01,11.061818404,,0.9089079138996188
IT,Physical Flow,2021-03-08,,,
IT,Physical Flow,2021-03-15,,,
IT,Physical Flow,2021-03-22,,,
IT,Physical Flow,2021-03-29,8.843959663,,-0.06832789593887445
IT,Physical Flow,2021-04-05,,,
IT,Physical Flow,2021-04-12,,,
IT,Physical Flow,2021-04-19,,,
IT,Physical Flow,2021-04-26,9.203137018,,0.20924466255505725
IT,Physical Flow,2021-05-03,,,
IT,Physical Flow,2021-05-10,,,
IT,Physical Flow,2021-05-17,,,
IT,Physical Flow,2021-05-24,,,
IT,Physical Flow,2021-05-31,8.213684769,,0.0744037687571979
IT,Physical Flow,2021-06-07,,,
IT,Physical Flow,2021-06-14,,,
IT,Physical Flow,2021-06-21,,,
IT,Physical Flow,2021-06-28,7.7321793539999994,,-0.12477924064538504
IT,Physical Flow,2021-07-05,,,
IT,Physical Flow,2021-07-12,,,
IT,Physical Flow,2021-07-19,,,
IT,Physical Flow,2021-07-26,3.696150641,,-0.49718253547392444
IT,Physical Flow,2021-08-02,,,
IT,Physical Flow,2021-08-09,,,
IT,Physical Flow,2021-08-16,,,
IT,Physical Flow,2021-08-23,,,
IT,Physical Flow,2021-08-30,3.816671138,,-0.5563973214523079
IT,Physical Flow,2021-09-06,,,
IT,Physical Flow,2021-09-13,,,
IT,Physical Flow,2021-09-20,,,
IT,Physical Flow,2021-09-27,7.501808898,,0.0543701974356563
IT,Physical Flow,2021-10-04,,,
IT,Physical Flow,2021-10-11,,,
IT,Physical Flow,2021-10-18,,,
IT,Physical Flow,2021-10-25,,,
IT,Physical Flow,2021-11-01,8.489537443,,0.9759603448388936
IT,Physical Flow,2021-11-08,,,
IT,Physical Flow,2021-11-15,,,
IT,Physical Flow,2021-11-22,,,
IT,Physical Flow,2021-11-29,14.169893236,,0.008579293645293085
IT,Physical Flow,2021-12-06,,,
IT,Physical Flow,2021-12-13,,,
IT,Physical Flow,2021-12-20,,,
IT,Physical Flow,2021-12-27,9.100318805,,0.46428529957074094
IT,Physical Flow,2022-01-03,,,
IT,Physical Flow,2022-01-10,,,
IT,Physical Flow,2022-01-17,,,
IT,Physical Flow,2022-01-24,,,
IT,Physical Flow,2022-01-31,13.470813759,,0.027424766585219418
IT,Physical Flow,2022-02-07,,,
IT,Physical Flow,2022-02-14,,,
IT,Physical Flow,2022-02-21,,,
IT,Physical Flow,2022-02-28,13.009897759,,0.1761084194164284
IT,Physical Flow,2022-03-07,,,
IT,Physical Flow,2022-03-14,,,
IT,Physical Flow,2022-03-21,,,
IT,Physical Flow,2022-03-28,9.170271504,,0.036896577261107844
IT,Physical Flow,2022-04-04,,,
IT,Physical Flow,2022-04-11,,,
IT,Physical Flow,2022-04-18,,,
IT,Physical Flow,2022-04-25,3.9342471569999997,,-0.5725102050197467
IT,Physical Flow,2022-05-02,4.8546773,0.2339533095581774,
IT,Physical Flow,2022-05-09,,,
IT,Physical Flow,2022-05-16,,,
IT,Physical Flow,2022-05-23,,,
IT,Physical Flow,2022-05-30,7.626946835,,-0.07143419190062661
IT,Physical Flow,2022-06-06,,,
IT,Physical Flow,2022-06-13,,,
IT,Physical Flow,2022-06-20,,,
IT,Physical Flow,2022-06-27,10.129034464,,0.30998441710487
IT,Physical Flow,2022-07-04,,,
IT,Physical Flow,2022-07-11,,,
IT,Physical Flow,2022-07-18,,,
IT,Physical Flow,2022-07-25,,,
IT,Physical Flow,2022-08-01,7.770287992,,
IT,Physical Flow,2022-08-08,,,
IT,Physical Flow,2022-08-15,,,
IT,Physical Flow,2022-08-22,,,
IT,Physical Flow,2022-08-29,8.510730789,,1.2298831838730981
IT,Physical Flow,2022-09-05,,,
IT,Physical Flow,2022-09-12,,,
IT,Physical Flow,2022-09-19,,,
IT,Physical Flow,2022-09-26,6.435327424,,-0.14216324202611008
IT,Physical Flow,2022-10-03,,,
IT,Physical Flow,2022-10-10,,,
IT,Physical Flow,2022-10-17,,,
IT,Physical Flow,2022-10-24,,,
IT,Physical Flow,2022-10-31,6.158201635999999,,-0.2746128187375262
IT,Physical Flow,2022-11-07,,,
IT,Physical Flow,2022-11-14,,,
IT,Physical Flow,2022-11-21,,,
IT,Physical Flow,2022-11-28,12.122753395,,-0.1444710843550353
IT,Physical Flow,2022-12-05,,,
IT,Physical Flow,2022-12-12,,,
IT,Physical Flow,2022-12-19,,,
IT,Physical Flow,2022-12-26,3.56440636,,-0.6083207153092699
IT,Physical Flow,2023-01-02,4.177906428,0.17211844162459644,
IT,Physical Flow,2023-01-09,,,
IT,Physical Flow,2023-01-16,,,
IT,Physical Flow,2023-01-23,,,
IT,Physical Flow,2023-01-30,11.494266909,,-0.14672809567123934
IT,Physical Flow,2023-02-06,,,
IT,Physical Flow,2023-02-13,,,
IT,Physical Flow,2023-02-20,,,
IT,Physical Flow,2023-02-27,12.047618176,,-0.07396519179670824
IT,Physical Flow,2023-03-06,,,
IT,Physical Flow,2023-03-13,,,
IT,Physical Flow,2023-03-20,,,
IT,Physical Flow,2023-03-27,7.051602964,,-0.2310366207888015
IT,Physical Flow,2023-04-03,,,
IT,Physical Flow,2023-04-10,,,
IT,Physical Flow,2023-04-17,,,
IT,Physical Flow,2023-04-24,,,
IT,Physical Flow,2023-05-01,7.7536266640000004,,0.5971456360240466
IT,Physical Flow,2023-05-08,,,
IT,Physical Flow,2023-05-15,,,
IT,Physical Flow,2023-05-22,,,
IT,Physical Flow,2023-05-29,7.016581554,,-0.08002747288063405
IT,Physical Flow,2023-06-05,,,
IT,Physical Flow,2023-06-12,,,
IT,Physical Flow,2023-06-19,,,
IT,Physical Flow,2023-06-26,6.370208044,,-0.3710942472709904
IT,Physical Flow,2023-07-03,,,
IT,Physical Flow,2023-07-10,,,
IT,Physical Flow,2023-07-17,,,
IT,Physical Flow,2023-07-24,,,
IT,Physical Flow,2023-07-31,6.684851223,,-0.139690674286143
IT,Physical Flow,2023-08-07,,,
IT,Physical Flow,2023-08-14,,,
IT,Physical Flow,2023-08-21,,,
IT,Physical Flow,2023-08-28,7.166954536,,-0.15789199380349472
IT,Physical Flow,2023-09-04,,,
IT,Physical Flow,2023-09-11,,,
IT,Physical Flow,2023-09-18,,,
IT,Physical Flow,2023-09-25,2.900961208,,-0.5492131142883088
IT,Physical Flow,2023-10-02,3.379551495,0.16497645183265064,
IT,Physical Flow,2023-10-09,,,
IT,Physical Flow,2023-10-16,,,
IT,Physical Flow,2023-10-23,,,
IT,Physical Flow,2023-10-30,6.079145683,,-0.012837506413860944
IT,Physical Flow,2023-11-06,,,
IT,Physical Flow,2023-11-13,,,
IT,Physical Flow,2023-11-20,,,
IT,Physical Flow,2023-11-27,9.48288121,,-0.21776176574612238
IT,Physical Flow,2023-12-04,,,
IT,Physical Flow,2023-12-11,,,
IT,Physical Flow,2023-12-18,,,
IT,Physical Flow,2023-12-25,,,
IT,Physical Flow,2024-01-01,8.594979981,,1.0572456873129377
IT,Physical Flow,2024-01-08,,,
IT,Physical Flow,2024-01-15,,,
IT,Physical Flow,2024-01-22,,,
IT,Physical Flow,2024-01-29,11.868932687,,0.032595882883721394
IT,Physical Flow,2024-02-05,,,
IT,Physical Flow,2024-02-12,,,
IT,Physical Flow,2024-02-19,,,
IT,Physical Flow,2024-02-26,8.401748238,,-0.30262163730113223
IT,Physical Flow,2024-03-04,,,
IT,Physical Flow,2024-03-11,,,
IT,Physical Flow,2024-03-18,,,
IT,Physical Flow,2024-03-25,,,
IT,Physical Flow,2024-04-01,6.233348854,,
IT,Physical Flow,2024-04-08,,,
IT,Physical Flow,2024-04-15,,,
IT,Physical Flow,2024-04-22,,,
IT,Physical Flow,2024-04-29,7.530857622,,-0.028730947678241248
IT,Physical Flow,2024-05-06,,,
IT,Physical Flow,2024-05-13,,,
IT,Physical Flow,2024-05-20,,,
IT,Physical Flow,2024-05-27,5.925274232,,-0.155532621348621
IT,Physical Flow,2024-06-03,,,
IT,Physical Flow,2024-06-10,,,
IT,Physical Flow,2024-06-17,,,
IT,Physical Flow,2024-06-24,,,
IT,Physical Flow,2024-07-01,6.9173427300000006,,
IT,Physical Flow,2024-07-08,,,
IT,Physical Flow,2024-07-15,,,
IT,Physical Flow,2024-07-22,,,
IT,Physical Flow,2024-07-29,7.4948048720000005,,0.1211625542559962
IT,Physical Flow,2024-08-05,,,
IT,Physical Flow,2024-08-12,,,
IT,Physical Flow,2024-08-19,,,
IT,Physical Flow,2024-08-26,3.097206409,,-0.5678490224205324
IT,Physical Flow,2024-09-02,3.947766179,0.2746215969101722,
IT,Physical Flow,2024-09-09,,,
IT,Physical Flow,2024-09-16,,,
IT,Physical Flow,2024-09-23,,,
IT,Physical Flow,2024-09-30,6.533873722,,0.9333552785530201
IT,Physical Flow,2024-10-07,,,
IT,Physical Flow,2024-10-14,,,
IT,Physical Flow,2024-10-21,,,
IT,Physical Flow,2024-10-28,5.042806567,,-0.17047446632148755
IT,Physical Flow,2024-11-04,,,
IT,Physical Flow,2024-11-11,,,
IT,Physical Flow,2024-11-18,,,
IT,Physical Flow,2024-11-25,4.279008257,,-0.548764962647887
IT,Physical Flow,2024-12-02,5.82385579,0.36102934143041066,
IT,Physical Flow,2024-12-09,,,
IT,Physical Flow,2024-12-16,,,
IT,Physical Flow,2024-12-23,,,
IT,Physical Flow,2024-12-30,9.46611279,,0.10135367515988647
IT,Physical Flow,2025-01-06,,,
IT,Physical Flow,2025-01-13,,,
IT,Physical Flow,2025-01-20,,,
IT,Physical Flow,2025-01-27,9.309916092,,-0.2156062943892909
IT,Physical Flow,2025-02-03,,,
IT,Physical Flow,2025-02-10,,,
IT,Physical Flow,2025-02-17,,,
IT,Physical Flow,2025-02-24,8.541890123,,0.01668008621897954
IT,Physical Flow,2025-03-03,,,
IT,Physical Flow,2025-03-10,,,
IT,Physical Flow,2025-03-17,,,
IT,Physical Flow,2025-03-24,,,
IT,Physical Flow,2025-03-31,8.104474674,,0.30017986540241215
IT,Physical Flow,2025-04-07,,,
IT,Physical Flow,2025-04-14,,,
IT,Physical Flow,2025-04-21,,,
IT,Physical Flow,2025-04-28,7.818487364,,0.03819349089268975
IT,Physical Flow,2025-05-05,,,
IT,Physical Flow,2025-05-12,,,
IT,Physical Flow,2025-05-19,,,
IT,Physical Flow,2025-05-26,3.745664673,,-0.36784956673039937
IT,Physical Flow,2025-06-02,3.7827905410000002,0.009911690244889249,
IT,Physical Flow,2025-06-09,,,
IT,Physical Flow,2025-06-16,,,
IT,Physical Flow,2025-06-23,,,
IT,Physical Flow,2025-06-30,8.946839506,,0.2933925432374809
IT,Physical Flow,2025-07-07,,,
IT,Physical Flow,2025-07-14,,,
IT,Physical Flow,2025-07-21,,,
IT,Physical Flow,2025-07-28,6.577544951,,-0.12238609765903463
IT,Physical Flow,2025-08-04,,,
IT,Physical Flow,2025-08-11,,,
IT,Physical Flow,2025-08-18,,,
IT,Physical Flow,2025-08-25,,,
IT,Physical Flow,2025-09-01,6.646102587000001,,0.6835096826032161
IT,Physical Flow,2025-09-08,,,
IT,Physical Flow,2025-09-15,,,
IT,Physical Flow,2025-09-22,,,
IT,Physical Flow,2025-09-29,6.9738757609999995,,0.06734168086513259
IT,Physical Flow,2025-10-06,,,
IT,Physical Flow,2025-10-13,,,
IT,Physical Flow,2025-10-20,,,
IT,Physical Flow,2025-10-27,5.951817028,,0.18025883977952684
IT,Physical Flow,2025-11-03,,,
IT,Physical Flow,2025-11-10,,,
IT,Physical Flow,2025-11-17,,,
IT,Physical Flow,2025-11-24,,,
IT,Physical Flow,2025-12-01,12.671205504000001,,1.1757416325035757
IT,Physical Flow,2025-12-08,,,
IT,Physical Flow,2025-12-15,,,
IT,Physical Flow,2025-12-22,,,
IT,Physical Flow,2025-12-29,10.077224434,,0.0645578240569431
IT,Physical Flow,2026-01-05,,,
IT,Physical Flow,2026-01-12,,,
IT,Physical Flow,2026-01-19,,,
IT,Physical Flow,2026-01-26,4.951135531,,-0.46818687922928703
IT,Physical Flow,2026-02-02,6.693234738,0.35185851732241735,
IT,Physical Flow,2026-02-09,,,
IT,Physical Flow,2026-02-16,,,
IT,Physical Flow,2026-02-23,3.847770158,,-0.5495411316940912
IT,Physical Flow,2026-03-02,5.028572059,0.30687953087451536,
IT,Physical Flow,2026-03-09,,,
IT,Physical Flow,2026-03-16,,,
IT,Physical Flow,2026-03-23,,,
IT,Physical Flow,2026-03-30,8.75469703,,0.08023004354446095
NL,Allocation,2019-10-28,7.217900327,,
NL,Allocation,2019-11-04,,,
NL,Allocation,2019-11-11,,,
NL,Allocation,2019-11-18,,,
NL,Allocation,2019-11-25,4.1310802764,,
NL,Allocation,2019-12-02,4.2407295559,0.02654251967128385,
NL,Allocation,2019-12-09,,,
NL,Allocation,2019-12-16,,,
NL,Allocation,2019-12-23,,,
NL,Allocation,2019-12-30,7.3611114859,,
NL,Allocation,2020-01-06,,,
NL,Allocation,2020-01-13,,,
NL,Allocation,2020-01-20,,,
NL,Allocation,2020-01-27,6.6325087410000005,,
NL,Allocation,2020-02-03,,,
NL,Allocation,2020-02-10,,,
NL,Allocation,2020-02-17,,,
NL,Allocation,2020-02-24,3.0564892448,,
NL,Allocation,2020-03-02,3.4616504843,0.1325577180385309,
NL,Allocation,2020-03-09,,,
NL,Allocation,2020-03-16,,,
NL,Allocation,2020-03-23,,,
NL,Allocation,2020-03-30,7.2657855995,,
NL,Allocation,2020-04-06,,,
NL,Allocation,2020-04-13,,,
NL,Allocation,2020-04-20,,,
NL,Allocation,2020-04-27,6.8880166792,,
NL,Allocation,2020-05-04,,,
NL,Allocation,2020-05-11,,,
NL,Allocation,2020-05-18,,,
NL,Allocation,2020-05-25,,,
NL,Allocation,2020-06-01,6.7479910084,,
NL,Allocation,2020-06-08,,,
NL,Allocation,2020-06-15,,,
NL,Allocation,2020-06-22,,,
NL,Allocation,2020-06-29,6.2644708203,,
NL,Allocation,2020-07-06,,,
NL,Allocation,2020-07-13,,,
NL,Allocation,2020-07-20,,,
NL,Allocation,2020-07-27,6.7493461554000005,,
NL,Allocation,2020-08-03,,,
NL,Allocation,2020-08-10,,,
NL,Allocation,2020-08-17,,,
NL,Allocation,2020-08-24,,,
NL,Allocation,2020-08-31,6.8920826498,,
NL,Allocation,2020-09-07,,,
NL,Allocation,2020-09-14,,,
NL,Allocation,2020-09-21,,,
NL,Allocation,2020-09-28,6.6345117211,,
NL,Allocation,2020-10-05,,,
NL,Allocation,2020-10-12,,,
NL,Allocation,2020-10-19,,,
NL,Allocation,2020-10-26,2.8019660505,,-0.6118031666330046
NL,Allocation,2020-11-02,2.9492494619,0.05256430975447324,
NL,Allocation,2020-11-09,,,
NL,Allocation,2020-11-16,,,
NL,Allocation,2020-11-23,,,
NL,Allocation,2020-11-30,8.0031996679,,0.8872223664358385
NL,Allocation,2020-12-07,,,
NL,Allocation,2020-12-14,,,
NL,Allocation,2020-12-21,,,
NL,Allocation,2020-12-28,8.454744913799999,,0.1485690618862141
NL,Allocation,2021-01-04,,,
NL,Allocation,2021-01-11,,,
NL,Allocation,2021-01-18,,,
NL,Allocation,2021-01-25,,,
NL,Allocation,2021-02-01,7.423725588,,
NL,Allocation,2021-02-08,,,
NL,Allocation,2021-02-15,,,
NL,Allocation,2021-02-22,,,
NL,Allocation,2021-03-01,7.290344278,,1.1060313024277555
NL,Allocation,2021-03-08,,,
NL,Allocation,2021-03-15,,,
NL,Allocation,2021-03-22,,,
NL,Allocation,2021-03-29,5.8992676549,,-0.18807573192003324
NL,Allocation,2021-04-05,,,
NL,Allocation,2021-04-12,,,
NL,Allocation,2021-04-19,,,
NL,Allocation,2021-04-26,5.5580078601,,-0.1930902436860057
NL,Allocation,2021-05-03,,,
NL,Allocation,2021-05-10,,,
NL,Allocation,2021-05-17,,,
NL,Allocation,2021-05-24,,,
NL,Allocation,2021-05-31,4.2953998376,,-0.36345501464761554
NL,Allocation,2021-06-07,,,
NL,Allocation,2021-06-14,,,
NL,Allocation,2021-06-21,,,
NL,Allocation,2021-06-28,5.8003139523,,-0.0740935477735647
NL,Allocation,2021-07-05,,,
NL,Allocation,2021-07-12,,,
NL,Allocation,2021-07-19,,,
NL,Allocation,2021-07-26,2.3747512507,,-0.6481509177300063
NL,Allocation,2021-08-02,2.2728649391,-0.04290399323717253,
NL,Allocation,2021-08-09,,,
NL,Allocation,2021-08-16,,,
NL,Allocation,2021-08-23,,,
NL,Allocation,2021-08-30,2.4803849603,,-0.6401109669844169
NL,Allocation,2021-09-06,,,
NL,Allocation,2021-09-13,,,
NL,Allocation,2021-09-20,,,
NL,Allocation,2021-09-27,6.6262067913,,-0.0012517770936462114
NL,Allocation,2021-10-04,,,
NL,Allocation,2021-10-11,,,
NL,Allocation,2021-10-18,,,
NL,Allocation,2021-10-25,,,
NL,Allocation,2021-11-01,5.6539368989,,0.9170765213118168
NL,Allocation,2021-11-08,,,
NL,Allocation,2021-11-15,,,
NL,Allocation,2021-11-22,,,
NL,Allocation,2021-11-29,6.1447075854,,-0.23221863249947627
NL,Allocation,2021-12-06,,,
NL,Allocation,2021-12-13,,,
NL,Allocation,2021-12-20,,,
NL,Allocation,2021-12-27,5.2443123994,,-0.37971961864394854
NL,Allocation,2022-01-03,,,
NL,Allocation,2022-01-10,,,
NL,Allocation,2022-01-17,,,
NL,Allocation,2022-01-24,,,
NL,Allocation,2022-01-31,5.9341087231000005,,-0.2006562402182368
NL,Allocation,2022-02-07,,,
NL,Allocation,2022-02-14,,,
NL,Allocation,2022-02-21,,,
NL,Allocation,2022-02-28,6.2255018104,,-0.1460620276621729
NL,Allocation,2022-03-07,,,
NL,Allocation,2022-03-14,,,
NL,Allocation,2022-03-21,,,
NL,Allocation,2022-03-28,6.251110076,,0.059641711765316296
NL,Allocation,2022-04-04,,,
NL,Allocation,2022-04-11,,,
NL,Allocation,2022-04-18,,,
NL,Allocation,2022-04-25,3.5504286456,,-0.3612048174512441
NL,Allocation,2022-05-02,3.6591272809,0.030615637194880474,
NL,Allocation,2022-05-09,,,
NL,Allocation,2022-05-16,,,
NL,Allocation,2022-05-23,,,
NL,Allocation,2022-05-30,6.6312324025,,0.543798634169786
NL,Allocation,2022-06-06,,,
NL,Allocation,2022-06-13,,,
NL,Allocation,2022-06-20,,,
NL,Allocation,2022-06-27,6.55438394,,0.1300050297106743
NL,Allocation,2022-07-04,,,
NL,Allocation,2022-07-11,,,
NL,Allocation,2022-07-18,,,
NL,Allocation,2022-07-25,,,
NL,Allocation,2022-08-01,5.083211215,,1.2364774639943321
NL,Allocation,2022-08-08,,,
NL,Allocation,2022-08-15,,,
NL,Allocation,2022-08-22,,,
NL,Allocation,2022-08-29,5.131272065,,1.06874019441699
NL,Allocation,2022-09-05,,,
NL,Allocation,2022-09-12,,,
NL,Allocation,2022-09-19,,,
NL,Allocation,2022-09-26,4.850554022,,-0.26797424608470954
NL,Allocation,2022-10-03,,,
NL,Allocation,2022-10-10,,,
NL,Allocation,2022-10-17,,,
NL,Allocation,2022-10-24,,,
NL,Allocation,2022-10-31,4.77768598,,-0.15498066826152201
NL,Allocation,2022-11-07,,,
NL,Allocation,2022-11-14,,,
NL,Allocation,2022-11-21,,,
NL,Allocation,2022-11-28,6.3401332,,0.03180389170419384
NL,Allocation,2022-12-05,,,
NL,Allocation,2022-12-12,,,
NL,Allocation,2022-12-19,,,
NL,Allocation,2022-12-26,2.317994488,,-0.5579983968412712
NL,Allocation,2023-01-02,2.584224103,0.11485342884905081,
NL,Allocation,2023-01-09,,,
NL,Allocation,2023-01-16,,,
NL,Allocation,2023-01-23,,,
NL,Allocation,2023-01-30,5.48522562,,-0.07564457006873015
NL,Allocation,2023-02-06,,,
NL,Allocation,2023-02-13,,,
NL,Allocation,2023-02-20,,,
NL,Allocation,2023-02-27,5.425347109,,-0.12852854689774618
NL,Allocation,2023-03-06,,,
NL,Allocation,2023-03-13,,,
NL,Allocation,2023-03-20,,,
NL,Allocation,2023-03-27,4.735032469,,-0.24252934095988865
NL,Allocation,2023-04-03,,,
NL,Allocation,2023-04-10,,,
NL,Allocation,2023-04-17,,,
NL,Allocation,2023-04-24,,,
NL,Allocation,2023-05-01,4.730681834,,0.29284429615043095
NL,Allocation,2023-05-08,,,
NL,Allocation,2023-05-15,,,
NL,Allocation,2023-05-22,,,
NL,Allocation,2023-05-29,4.103304921,,-0.38121533495749016
NL,Allocation,2023-06-05,,,
NL,Allocation,2023-06-12,,,
NL,Allocation,2023-06-19,,,
NL,Allocation,2023-06-26,3.608623211,,-0.44943365478220676
NL,Allocation,2023-07-03,,,
NL,Allocation,2023-07-10,,,
NL,Allocation,2023-07-17,,,
NL,Allocation,2023-07-24,,,
NL,Allocation,2023-07-31,4.036825855,,-0.20585124554970913
NL,Allocation,2023-08-07,,,
NL,Allocation,2023-08-14,,,
NL,Allocation,2023-08-21,,,
NL,Allocation,2023-08-28,3.261373311,,-0.36441231926765905
NL,Allocation,2023-09-04,,,
NL,Allocation,2023-09-11,,,
NL,Allocation,2023-09-18,,,
NL,Allocation,2023-09-25,1.578752406,,-0.6745212198772621
NL,Allocation,2023-10-02,1.591374958,0.00799527015891055,
NL,Allocation,2023-10-09,,,
NL,Allocation,2023-10-16,,,
NL,Allocation,2023-10-23,,,
NL,Allocation,2023-10-30,3.543721318,,-0.258276635837
NL,Allocation,2023-11-06,,,
NL,Allocation,2023-11-13,,,
NL,Allocation,2023-11-20,,,
NL,Allocation,2023-11-27,4.434398798,,-0.30058270731599146
NL,Allocation,2023-12-04,,,
NL,Allocation,2023-12-11,,,
NL,Allocation,2023-12-18,,,
NL,Allocation,2023-12-25,,,
NL,Allocation,2024-01-01,3.844403516,,0.48764323942999765
NL,Allocation,2024-01-08,,,
NL,Allocation,2024-01-15,,,
NL,Allocation,2024-01-22,,,
NL,Allocation,2024-01-29,4.021555473,,-0.26683864044957906
NL,Allocation,2024-02-05,,,
NL,Allocation,2024-02-12,,,
NL,Allocation,2024-02-19,,,
NL,Allocation,2024-02-26,4.250486755,,-0.2165502649684934
NL,Allocation,2024-03-04,,,
NL,Allocation,2024-03-11,,,
NL,Allocation,2024-03-18,,,
NL,Allocation,2024-03-25,,,
NL,Allocation,2024-04-01,4.082351697,,
NL,Allocation,2024-04-08,,,
NL,Allocation,2024-04-15,,,
NL,Allocation,2024-04-22,,,
NL,Allocation,2024-04-29,3.319888884,,-0.2982219053203823
NL,Allocation,2024-05-06,,,
NL,Allocation,2024-05-13,,,
NL,Allocation,2024-05-20,,,
NL,Allocation,2024-05-27,3.534423676,,-0.13863976866271022
NL,Allocation,2024-06-03,,,
NL,Allocation,2024-06-10,,,
NL,Allocation,2024-06-17,,,
NL,Allocation,2024-06-24,,,
NL,Allocation,2024-07-01,3.8284250969999998,,
NL,Allocation,2024-07-08,,,
NL,Allocation,2024-07-15,,,
NL,Allocation,2024-07-22,,,
NL,Allocation,2024-07-29,3.665309125,,-0.09203189420218383
NL,Allocation,2024-08-05,,,
NL,Allocation,2024-08-12,,,
NL,Allocation,2024-08-19,,,
NL,Allocation,2024-08-26,1.8970183680000001,,-0.4183375568808043
NL,Allocation,2024-09-02,2.00170192,0.05518320421449907,
NL,Allocation,2024-09-09,,,
NL,Allocation,2024-09-16,,,
NL,Allocation,2024-09-23,,,
NL,Allocation,2024-09-30,3.475473894,,1.1839440645515045
NL,Allocation,2024-10-07,,,
NL,Allocation,2024-10-14,,,
NL,Allocation,2024-10-21,,,
NL,Allocation,2024-10-28,3.55091314,,0.0020294547326478174
NL,Allocation,2024-11-04,,,
NL,Allocation,2024-11-11,,,
NL,Allocation,2024-11-18,,,
NL,Allocation,2024-11-25,1.666491158,,-0.6241900573417936
NL,Allocation,2024-12-02,1.844483287,0.106806524682443,
NL,Allocation,2024-12-09,,,
NL,Allocation,2024-12-16,,,
NL,Allocation,2024-12-23,,,
NL,Allocation,2024-12-30,3.539906066,,-0.07920538224791285
NL,Allocation,2025-01-06,,,
NL,Allocation,2025-01-13,,,
NL,Allocation,2025-01-20,,,
NL,Allocation,2025-01-27,3.615519215,,-0.10096497753818257
NL,Allocation,2025-02-03,,,
NL,Allocation,2025-02-10,,,
NL,Allocation,2025-02-17,,,
NL,Allocation,2025-02-24,3.6227556969999997,,-0.14768451101784463
NL,Allocation,2025-03-03,,,
NL,Allocation,2025-03-10,,,
NL,Allocation,2025-03-17,,,
NL,Allocation,2025-03-24,,,
NL,Allocation,2025-03-31,3.53068067,,-0.1351355953494665
NL,Allocation,2025-04-07,,,
NL,Allocation,2025-04-14,,,
NL,Allocation,2025-04-21,,,
NL,Allocation,2025-04-28,3.634902604,,0.09488682633873369
NL,Allocation,2025-05-05,,,
NL,Allocation,2025-05-12,,,
NL,Allocation,2025-05-19,,,
NL,Allocation,2025-05-26,1.92640418,,-0.45495946253388553
NL,Allocation,2025-06-02,2.101168118,0.09072028591632297,
NL,Allocation,2025-06-09,,,
NL,Allocation,2025-06-16,,,
NL,Allocation,2025-06-23,,,
NL,Allocation,2025-06-30,4.447281722,,0.16164783411459283
NL,Allocation,2025-07-07,,,
NL,Allocation,2025-07-14,,,
NL,Allocation,2025-07-21,,,
NL,Allocation,2025-07-28,4.986525296,,0.3604651411223059
NL,Allocation,2025-08-04,,,
NL,Allocation,2025-08-11,,,
NL,Allocation,2025-08-18,,,
NL,Allocation,2025-08-25,,,
NL,Allocation,2025-09-01,3.960389607,,0.9785111696350874
NL,Allocation,2025-09-08,,,
NL,Allocation,2025-09-15,,,
NL,Allocation,2025-09-22,,,
NL,Allocation,2025-09-29,3.1122154,,-0.1045205646997156
NL,Allocation,2025-10-06,,,
NL,Allocation,2025-10-13,,,
NL,Allocation,2025-10-20,,,
NL,Allocation,2025-10-27,2.905270041,,-0.18182452612738365
NL,Allocation,2025-11-03,,,
NL,Allocation,2025-11-10,,,
NL,Allocation,2025-11-17,,,
NL,Allocation,2025-11-24,,,
NL,Allocation,2025-12-01,3.51608588,,0.9062714771023024
NL,Allocation,2025-12-08,,,
NL,Allocation,2025-12-15,,,
NL,Allocation,2025-12-22,,,
NL,Allocation,2025-12-29,3.489612364,,-0.014207637452038457
NL,Allocation,2026-01-05,,,
NL,Allocation,2026-01-12,,,
NL,Allocation,2026-01-19,,,
NL,Allocation,2026-01-26,1.586983333,,-0.5610635046784007
NL,Allocation,2026-02-02,1.709453304,0.07717155464291192,
NL,Allocation,2026-02-09,,,
NL,Allocation,2026-02-16,,,
NL,Allocation,2026-02-23,1.4931635650000001,,-0.5878376324860969
NL,Allocation,2026-03-02,1.4788339849999999,-0.009596791896003931,
NL,Allocation,2026-03-09,,,
NL,Allocation,2026-03-16,,,
NL,Allocation,2026-03-23,,,
NL,Allocation,2026-03-30,3.8625905670000003,,0.09400733966688635
NL,Physical Flow,2019-10-28,5.1725003184,,
NL,Physical Flow,2019-11-04,,,
NL,Physical Flow,2019-11-11,,,
NL,Physical Flow,2019-11-18,,,
NL,Physical Flow,2019-11-25,6.188364553,,
NL,Physical Flow,2019-12-02,,,
NL,Physical Flow,2019-12-09,,,
NL,Physical Flow,2019-12-16,,,
NL,Physical Flow,2019-12-23,,,
NL,Physical Flow,2019-12-30,5.6849133644,,
NL,Physical Flow,2020-01-06,,,
NL,Physical Flow,2020-01-13,,,
NL,Physical Flow,2020-01-20,,,
NL,Physical Flow,2020-01-27,4.6447811039,,
NL,Physical Flow,2020-02-03,,,
NL,Physical Flow,2020-02-10,,,
NL,Physical Flow,2020-02-17,,,
NL,Physical Flow,2020-02-24,5.1261907274,,
NL,Physical Flow,2020-03-02,,,
NL,Physical Flow,2020-03-09,,,
NL,Physical Flow,2020-03-16,,,
NL,Physical Flow,2020-03-23,,,
NL,Physical Flow,2020-03-30,6.1380951514,,
NL,Physical Flow,2020-04-06,,,
NL,Physical Flow,2020-04-13,,,
NL,Physical Flow,2020-04-20,,,
NL,Physical Flow,2020-04-27,5.8954634861,,
NL,Physical Flow,2020-05-04,,,
NL,Physical Flow,2020-05-11,,,
NL,Physical Flow,2020-05-18,,,
NL,Physical Flow,2020-05-25,,,
NL,Physical Flow,2020-06-01,4.4978854825,,
NL,Physical Flow,2020-06-08,,,
NL,Physical Flow,2020-06-15,,,
NL,Physical Flow,2020-06-22,,,
NL,Physical Flow,2020-06-29,4.1227895122,,
NL,Physical Flow,2020-07-06,,,
NL,Physical Flow,2020-07-13,,,
NL,Physical Flow,2020-07-20,,,
NL,Physical Flow,2020-07-27,4.2864095281,,
NL,Physical Flow,2020-08-03,,,
NL,Physical Flow,2020-08-10,,,
NL,Physical Flow,2020-08-17,,,
NL,Physical Flow,2020-08-24,,,
NL,Physical Flow,2020-08-31,4.4760111515,,
NL,Physical Flow,2020-09-07,,,
NL,Physical Flow,2020-09-14,,,
NL,Physical Flow,2020-09-21,,,
NL,Physical Flow,2020-09-28,4.8980129013,,
NL,Physical Flow,2020-10-05,,,
NL,Physical Flow,2020-10-12,,,
NL,Physical Flow,2020-10-19,,,
NL,Physical Flow,2020-10-26,4.846101028300001,,-0.06310280715477345
NL,Physical Flow,2020-11-02,,,
NL,Physical Flow,2020-11-09,,,
NL,Physical Flow,2020-11-16,,,
NL,Physical Flow,2020-11-23,,,
NL,Physical Flow,2020-11-30,7.3163404128,,
NL,Physical Flow,2020-12-07,,,
NL,Physical Flow,2020-12-14,,,
NL,Physical Flow,2020-12-21,,,
NL,Physical Flow,2020-12-28,8.8610273051,,0.5586917050643947
NL,Physical Flow,2021-01-04,,,
NL,Physical Flow,2021-01-11,,,
NL,Physical Flow,2021-01-18,,,
NL,Physical Flow,2021-01-25,,,
NL,Physical Flow,2021-02-01,11.9968107547,,
NL,Physical Flow,2021-02-08,,,
NL,Physical Flow,2021-02-15,,,
NL,Physical Flow,2021-02-22,,,
NL,Physical Flow,2021-03-01,8.1479260232,,
NL,Physical Flow,2021-03-08,,,
NL,Physical Flow,2021-03-15,,,
NL,Physical Flow,2021-03-22,,,
NL,Physical Flow,2021-03-29,7.1385265826,,0.16298727968917492
NL,Physical Flow,2021-04-05,,,
NL,Physical Flow,2021-04-12,,,
NL,Physical Flow,2021-04-19,,,
NL,Physical Flow,2021-04-26,4.9223552992,,-0.16506050613227274
NL,Physical Flow,2021-05-03,,,
NL,Physical Flow,2021-05-10,,,
NL,Physical Flow,2021-05-17,,,
NL,Physical Flow,2021-05-24,,,
NL,Physical Flow,2021-05-31,4.1373944325,,-0.08014678261653596
NL,Physical Flow,2021-06-07,,,
NL,Physical Flow,2021-06-14,,,
NL,Physical Flow,2021-06-21,,,
NL,Physical Flow,2021-06-28,5.9538734515,,0.44413713915821496
NL,Physical Flow,2021-07-05,,,
NL,Physical Flow,2021-07-12,,,
NL,Physical Flow,2021-07-19,,,
NL,Physical Flow,2021-07-26,4.4115821749999995,,0.02920221366610387
NL,Physical Flow,2021-08-02,,,
NL,Physical Flow,2021-08-09,,,
NL,Physical Flow,2021-08-16,,,
NL,Physical Flow,2021-08-23,,,
NL,Physical Flow,2021-08-30,5.3355965511,,0.19204272967727887
NL,Physical Flow,2021-09-06,,,
NL,Physical Flow,2021-09-13,,,
NL,Physical Flow,2021-09-20,,,
NL,Physical Flow,2021-09-27,9.9890179214,,1.039402125451482
NL,Physical Flow,2021-10-04,,,
NL,Physical Flow,2021-10-11,,,
NL,Physical Flow,2021-10-18,,,
NL,Physical Flow,2021-10-25,,,
NL,Physical Flow,2021-11-01,11.3054130832,,
NL,Physical Flow,2021-11-08,,,
NL,Physical Flow,2021-11-15,,,
NL,Physical Flow,2021-11-22,,,
NL,Physical Flow,2021-11-29,14.9388541017,,1.0418478718628714
NL,Physical Flow,2021-12-06,,,
NL,Physical Flow,2021-12-13,,,
NL,Physical Flow,2021-12-20,,,
NL,Physical Flow,2021-12-27,21.1571589438,,1.3876643435714175
NL,Physical Flow,2022-01-03,,,
NL,Physical Flow,2022-01-10,,,
NL,Physical Flow,2022-01-17,,,
NL,Physical Flow,2022-01-24,,,
NL,Physical Flow,2022-01-31,11.0033314124,,-0.0828119541612995
NL,Physical Flow,2022-02-07,,,
NL,Physical Flow,2022-02-14,,,
NL,Physical Flow,2022-02-21,,,
NL,Physical Flow,2022-02-28,10.6848850108,,0.3113625455577762
NL,Physical Flow,2022-03-07,,,
NL,Physical Flow,2022-03-14,,,
NL,Physical Flow,2022-03-21,,,
NL,Physical Flow,2022-03-28,11.6804526239,,0.6362553937069935
NL,Physical Flow,2022-04-04,,,
NL,Physical Flow,2022-04-11,,,
NL,Physical Flow,2022-04-18,,,
NL,Physical Flow,2022-04-25,4.9862698417999995,,0.012984544738244841
NL,Physical Flow,2022-05-02,5.3462091946,0.07218609586320857,
NL,Physical Flow,2022-05-09,,,
NL,Physical Flow,2022-05-16,,,
NL,Physical Flow,2022-05-23,,,
NL,Physical Flow,2022-05-30,10.3873740031,,1.5106076233644181
NL,Physical Flow,2022-06-06,,,
NL,Physical Flow,2022-06-13,,,
NL,Physical Flow,2022-06-20,,,
NL,Physical Flow,2022-06-27,10.831832393300001,,0.8192916731495299
NL,Physical Flow,2022-07-04,,,
NL,Physical Flow,2022-07-11,,,
NL,Physical Flow,2022-07-18,,,
NL,Physical Flow,2022-07-25,,,
NL,Physical Flow,2022-08-01,10.1476984318,,
NL,Physical Flow,2022-08-08,,,
NL,Physical Flow,2022-08-15,,,
NL,Physical Flow,2022-08-22,,,
NL,Physical Flow,2022-08-29,10.2033083632,,0.9123088234803773
NL,Physical Flow,2022-09-05,,,
NL,Physical Flow,2022-09-12,,,
NL,Physical Flow,2022-09-19,,,
NL,Physical Flow,2022-09-26,10.2865890596,,0.029789829244624588
NL,Physical Flow,2022-10-03,,,
NL,Physical Flow,2022-10-10,,,
NL,Physical Flow,2022-10-17,,,
NL,Physical Flow,2022-10-24,,,
NL,Physical Flow,2022-10-31,9.1887979414,,-0.18722138910123665
NL,Physical Flow,2022-11-07,,,
NL,Physical Flow,2022-11-14,,,
NL,Physical Flow,2022-11-21,,,
NL,Physical Flow,2022-11-28,12.40107113,,-0.16987802105994243
NL,Physical Flow,2022-12-05,,,
NL,Physical Flow,2022-12-12,,,
NL,Physical Flow,2022-12-19,,,
NL,Physical Flow,2022-12-26,4.8962136959,,-0.7685788669024103
NL,Physical Flow,2023-01-02,5.1407605858,0.04994612267531928,
NL,Physical Flow,2023-01-09,,,
NL,Physical Flow,2023-01-16,,,
NL,Physical Flow,2023-01-23,,,
NL,Physical Flow,2023-01-30,10.9404951319,,-0.005710659630699388
NL,Physical Flow,2023-02-06,,,
NL,Physical Flow,2023-02-13,,,
NL,Physical Flow,2023-02-20,,,
NL,Physical Flow,2023-02-27,10.860035187600001,,0.016392331468515042
NL,Physical Flow,2023-03-06,,,
NL,Physical Flow,2023-03-13,,,
NL,Physical Flow,2023-03-20,,,
NL,Physical Flow,2023-03-27,9.9954202357,,-0.14426088118812852
NL,Physical Flow,2023-04-03,,,
NL,Physical Flow,2023-04-10,,,
NL,Physical Flow,2023-04-17,,,
NL,Physical Flow,2023-04-24,,,
NL,Physical Flow,2023-05-01,10.2027482096,,0.9084079650129295
NL,Physical Flow,2023-05-08,,,
NL,Physical Flow,2023-05-15,,,
NL,Physical Flow,2023-05-22,,,
NL,Physical Flow,2023-05-29,9.1365102615,,-0.12042155613408101
NL,Physical Flow,2023-06-05,,,
NL,Physical Flow,2023-06-12,,,
NL,Physical Flow,2023-06-19,,,
NL,Physical Flow,2023-06-26,7.9117363662,,-0.26958467607994174
NL,Physical Flow,2023-07-03,,,
NL,Physical Flow,2023-07-10,,,
NL,Physical Flow,2023-07-17,,,
NL,Physical Flow,2023-07-24,,,
NL,Physical Flow,2023-07-31,8.023654537,,-0.2093128711968667
NL,Physical Flow,2023-08-07,,,
NL,Physical Flow,2023-08-14,,,
NL,Physical Flow,2023-08-21,,,
NL,Physical Flow,2023-08-28,7.3630103346,,-0.2783703018174014
NL,Physical Flow,2023-09-04,,,
NL,Physical Flow,2023-09-11,,,
NL,Physical Flow,2023-09-18,,,
NL,Physical Flow,2023-09-25,3.2163717381,,-0.6873237844474493
NL,Physical Flow,2023-10-02,3.0569027556,-0.049580395391175425,
NL,Physical Flow,2023-10-09,,,
NL,Physical Flow,2023-10-16,,,
NL,Physical Flow,2023-10-23,,,
NL,Physical Flow,2023-10-30,8.3634234487,,-0.08982398981495576
NL,Physical Flow,2023-11-06,,,
NL,Physical Flow,2023-11-13,,,
NL,Physical Flow,2023-11-20,,,
NL,Physical Flow,2023-11-27,11.9078382151,,-0.03977341229071718
NL,Physical Flow,2023-12-04,,,
NL,Physical Flow,2023-12-11,,,
NL,Physical Flow,2023-12-18,,,
NL,Physical Flow,2023-12-25,,,
NL,Physical Flow,2024-01-01,8.1539961671,,0.5861458690807879
NL,Physical Flow,2024-01-08,,,
NL,Physical Flow,2024-01-15,,,
NL,Physical Flow,2024-01-22,,,
NL,Physical Flow,2024-01-29,8.7229186051,,-0.2026943479307486
NL,Physical Flow,2024-02-05,,,
NL,Physical Flow,2024-02-12,,,
NL,Physical Flow,2024-02-19,,,
NL,Physical Flow,2024-02-26,8.2424539375,,-0.24102880008057037
NL,Physical Flow,2024-03-04,,,
NL,Physical Flow,2024-03-11,,,
NL,Physical Flow,2024-03-18,,,
NL,Physical Flow,2024-03-25,,,
NL,Physical Flow,2024-04-01,7.7416692854,,
NL,Physical Flow,2024-04-08,,,
NL,Physical Flow,2024-04-15,,,
NL,Physical Flow,2024-04-22,,,
NL,Physical Flow,2024-04-29,7.7648479226,,-0.23894545243272036
NL,Physical Flow,2024-05-06,,,
NL,Physical Flow,2024-05-13,,,
NL,Physical Flow,2024-05-20,,,
NL,Physical Flow,2024-05-27,6.6734594593,,-0.26958332357803594
NL,Physical Flow,2024-06-03,,,
NL,Physical Flow,2024-06-10,,,
NL,Physical Flow,2024-06-17,,,
NL,Physical Flow,2024-06-24,,,
NL,Physical Flow,2024-07-01,7.874717915,,
NL,Physical Flow,2024-07-08,,,
NL,Physical Flow,2024-07-15,,,
NL,Physical Flow,2024-07-22,,,
NL,Physical Flow,2024-07-29,7.2319694310000004,,-0.09866889237930809
NL,Physical Flow,2024-08-05,,,
NL,Physical Flow,2024-08-12,,,
NL,Physical Flow,2024-08-19,,,
NL,Physical Flow,2024-08-26,3.633832664,,-0.5064745941039874
NL,Physical Flow,2024-09-02,3.606714653,-0.007462647157271407,
NL,Physical Flow,2024-09-09,,,
NL,Physical Flow,2024-09-16,,,
NL,Physical Flow,2024-09-23,,,
NL,Physical Flow,2024-09-30,7.199425335,,1.3551371798828837
NL,Physical Flow,2024-10-07,,,
NL,Physical Flow,2024-10-14,,,
NL,Physical Flow,2024-10-21,,,
NL,Physical Flow,2024-10-28,8.446924245,,0.009984045027993771
NL,Physical Flow,2024-11-04,,,
NL,Physical Flow,2024-11-11,,,
NL,Physical Flow,2024-11-18,,,
NL,Physical Flow,2024-11-25,4.438187907,,-0.627288528208919
NL,Physical Flow,2024-12-02,4.583238796,0.03268245780473222,
NL,Physical Flow,2024-12-09,,,
NL,Physical Flow,2024-12-16,,,
NL,Physical Flow,2024-12-23,,,
NL,Physical Flow,2024-12-30,9.312450081,,0.1420719227921845
NL,Physical Flow,2025-01-06,,,
NL,Physical Flow,2025-01-13,,,
NL,Physical Flow,2025-01-20,,,
NL,Physical Flow,2025-01-27,9.943136824,,0.139886461646745
NL,Physical Flow,2025-02-03,,,
NL,Physical Flow,2025-02-10,,,
NL,Physical Flow,2025-02-17,,,
NL,Physical Flow,2025-02-24,9.731628371,,0.18067124727562356
NL,Physical Flow,2025-03-03,,,
NL,Physical Flow,2025-03-10,,,
NL,Physical Flow,2025-03-17,,,
NL,Physical Flow,2025-03-24,,,
NL,Physical Flow,2025-03-31,8.462299296000001,,0.09308457698639172
NL,Physical Flow,2025-04-07,,,
NL,Physical Flow,2025-04-14,,,
NL,Physical Flow,2025-04-21,,,
NL,Physical Flow,2025-04-28,8.592981347,,0.1066515960975456
NL,Physical Flow,2025-05-05,,,
NL,Physical Flow,2025-05-12,,,
NL,Physical Flow,2025-05-19,,,
NL,Physical Flow,2025-05-26,5.052432271,,-0.24290657614484634
NL,Physical Flow,2025-06-02,4.997854417,-0.010802293048689848,
NL,Physical Flow,2025-06-09,,,
NL,Physical Flow,2025-06-16,,,
NL,Physical Flow,2025-06-23,,,
NL,Physical Flow,2025-06-30,9.605336288,,0.2197689354311303
NL,Physical Flow,2025-07-07,,,
NL,Physical Flow,2025-07-14,,,
NL,Physical Flow,2025-07-21,,,
NL,Physical Flow,2025-07-28,9.302417460000001,,0.2862910371447338
NL,Physical Flow,2025-08-04,,,
NL,Physical Flow,2025-08-11,,,
NL,Physical Flow,2025-08-18,,,
NL,Physical Flow,2025-08-25,,,
NL,Physical Flow,2025-09-01,9.059950683,,1.5119676921111842
NL,Physical Flow,2025-09-08,,,
NL,Physical Flow,2025-09-15,,,
NL,Physical Flow,2025-09-22,,,
NL,Physical Flow,2025-09-29,8.230424293,,0.1432057296278635
NL,Physical Flow,2025-10-06,,,
NL,Physical Flow,2025-10-13,,,
NL,Physical Flow,2025-10-20,,,
NL,Physical Flow,2025-10-27,8.355338344,,-0.010842514783320434
NL,Physical Flow,2025-11-03,,,
NL,Physical Flow,2025-11-10,,,
NL,Physical Flow,2025-11-17,,,
NL,Physical Flow,2025-11-24,,,
NL,Physical Flow,2025-12-01,10.102852305,,1.204304151426109
NL,Physical Flow,2025-12-08,,,
NL,Physical Flow,2025-12-15,,,
NL,Physical Flow,2025-12-22,,,
NL,Physical Flow,2025-12-29,9.473656206,,0.01731081762563269
NL,Physical Flow,2026-01-05,,,
NL,Physical Flow,2026-01-12,,,
NL,Physical Flow,2026-01-19,,,
NL,Physical Flow,2026-01-26,4.720216604,,-0.5252789247949707
NL,Physical Flow,2026-02-02,5.215890815,0.1050109036479292,
NL,Physical Flow,2026-02-09,,,
NL,Physical Flow,2026-02-16,,,
NL,Physical Flow,2026-02-23,3.770242136,,-0.61257849228653
NL,Physical Flow,2026-03-02,3.796043364,0.006843387525071298,
NL,Physical Flow,2026-03-09,,,
NL,Physical Flow,2026-03-16,,,
NL,Physical Flow,2026-03-23,,,
NL,Physical Flow,2026-03-30,9.228940316000001,,0.09059488363433088
UK,Allocation,2019-10-28,6.114854986,,
UK,Allocation,2019-11-04,,,
UK,Allocation,2019-11-11,,,
UK,Allocation,2019-11-18,,,
UK,Allocation,2019-11-25,4.4429840469999995,,
UK,Allocation,2019-12-02,4.869265604,0.09594487679689845,
UK,Allocation,2019-12-09,,,
UK,Allocation,2019-12-16,,,
UK,Allocation,2019-12-23,,,
UK,Allocation,2019-12-30,6.658057008,,
UK,Allocation,2020-01-06,,,
UK,Allocation,2020-01-13,,,
UK,Allocation,2020-01-20,,,
UK,Allocation,2020-01-27,6.34472684,,
UK,Allocation,2020-02-03,,,
UK,Allocation,2020-02-10,,,
UK,Allocation,2020-02-17,,,
UK,Allocation,2020-02-24,3.519623958,,
UK,Allocation,2020-03-02,3.227292183,-0.0830576727765302,
UK,Allocation,2020-03-09,,,
UK,Allocation,2020-03-16,,,
UK,Allocation,2020-03-23,,,
UK,Allocation,2020-03-30,7.293606785,,
UK,Allocation,2020-04-06,,,
UK,Allocation,2020-04-13,,,
UK,Allocation,2020-04-20,,,
UK,Allocation,2020-04-27,7.048615231,,
UK,Allocation,2020-05-04,,,
UK,Allocation,2020-05-11,,,
UK,Allocation,2020-05-18,,,
UK,Allocation,2020-05-25,,,
UK,Allocation,2020-06-01,3.068927182,,
UK,Allocation,2020-06-08,,,
UK,Allocation,2020-06-15,,,
UK,Allocation,2020-06-22,,,
UK,Allocation,2020-06-29,3.6855721129999996,,
UK,Allocation,2020-07-06,,,
UK,Allocation,2020-07-13,,,
UK,Allocation,2020-07-20,,,
UK,Allocation,2020-07-27,4.345180331,,
UK,Allocation,2020-08-03,,,
UK,Allocation,2020-08-10,,,
UK,Allocation,2020-08-17,,,
UK,Allocation,2020-08-24,,,
UK,Allocation,2020-08-31,5.238713723,,
UK,Allocation,2020-09-07,,,
UK,Allocation,2020-09-14,,,
UK,Allocation,2020-09-21,,,
UK,Allocation,2020-09-28,6.083165799,,
UK,Allocation,2020-10-05,,,
UK,Allocation,2020-10-12,,,
UK,Allocation,2020-10-19,,,
UK,Allocation,2020-10-26,2.7070152949999997,,-0.5573050708156237
UK,Allocation,2020-11-02,1.082508866,-0.6001098080238221,
UK,Allocation,2020-11-09,,,
UK,Allocation,2020-11-16,,,
UK,Allocation,2020-11-23,,,
UK,Allocation,2020-11-30,8.484111175,,0.7423800353035745
UK,Allocation,2020-12-07,,,
UK,Allocation,2020-12-14,,,
UK,Allocation,2020-12-21,,,
UK,Allocation,2020-12-28,8.567717762,,0.28681952583245285
UK,Allocation,2021-01-04,,,
UK,Allocation,2021-01-11,,,
UK,Allocation,2021-01-18,,,
UK,Allocation,2021-01-25,,,
UK,Allocation,2021-02-01,4.751121887,,
UK,Allocation,2021-02-08,,,
UK,Allocation,2021-02-15,,,
UK,Allocation,2021-02-22,,,
UK,Allocation,2021-03-01,8.857022344,,1.7444129139143398
UK,Allocation,2021-03-08,,,
UK,Allocation,2021-03-15,,,
UK,Allocation,2021-03-22,,,
UK,Allocation,2021-03-29,5.39898246,,-0.25976507657315384
UK,Allocation,2021-04-05,,,
UK,Allocation,2021-04-12,,,
UK,Allocation,2021-04-19,,,
UK,Allocation,2021-04-26,6.607525487,,-0.06257821281832432
UK,Allocation,2021-05-03,,,
UK,Allocation,2021-05-10,,,
UK,Allocation,2021-05-17,,,
UK,Allocation,2021-05-24,,,
UK,Allocation,2021-05-31,4.459683258,,0.45317337086299103
UK,Allocation,2021-06-07,,,
UK,Allocation,2021-06-14,,,
UK,Allocation,2021-06-21,,,
UK,Allocation,2021-06-28,4.192844929,,0.13763746860649206
UK,Allocation,2021-07-05,,,
UK,Allocation,2021-07-12,,,
UK,Allocation,2021-07-19,,,
UK,Allocation,2021-07-26,2.1552569210000003,,-0.5039890736815543
UK,Allocation,2021-08-02,,,
UK,Allocation,2021-08-09,,,
UK,Allocation,2021-08-16,,,
UK,Allocation,2021-08-23,,,
UK,Allocation,2021-08-30,2.549371444,,-0.5133592750435544
UK,Allocation,2021-09-06,,,
UK,Allocation,2021-09-13,,,
UK,Allocation,2021-09-20,,,
UK,Allocation,2021-09-27,7.552597358,,0.24155704571484105
UK,Allocation,2021-10-04,,,
UK,Allocation,2021-10-11,,,
UK,Allocation,2021-10-18,,,
UK,Allocation,2021-10-25,,,
UK,Allocation,2021-11-01,7.552229023,,5.97659784617413
UK,Allocation,2021-11-08,,,
UK,Allocation,2021-11-15,,,
UK,Allocation,2021-11-22,,,
UK,Allocation,2021-11-29,7.937247143,,-0.06445743351542077
UK,Allocation,2021-12-06,,,
UK,Allocation,2021-12-13,,,
UK,Allocation,2021-12-20,,,
UK,Allocation,2021-12-27,8.741018073,,0.02022712650136893
UK,Allocation,2022-01-03,,,
UK,Allocation,2022-01-10,,,
UK,Allocation,2022-01-17,,,
UK,Allocation,2022-01-24,,,
UK,Allocation,2022-01-31,8.081550767,,0.7009773605498746
UK,Allocation,2022-02-07,,,
UK,Allocation,2022-02-14,,,
UK,Allocation,2022-02-21,,,
UK,Allocation,2022-02-28,8.811107092,,-0.005184050600380963
UK,Allocation,2022-03-07,,,
UK,Allocation,2022-03-14,,,
UK,Allocation,2022-03-21,,,
UK,Allocation,2022-03-28,11.132718295,,1.0620030491819747
UK,Allocation,2022-04-04,,,
UK,Allocation,2022-04-11,,,
UK,Allocation,2022-04-18,,,
UK,Allocation,2022-04-25,4.460803363,,-0.3248904795333103
UK,Allocation,2022-05-02,4.7885062959999996,0.0734627613757024,
UK,Allocation,2022-05-09,,,
UK,Allocation,2022-05-16,,,
UK,Allocation,2022-05-23,,,
UK,Allocation,2022-05-30,9.627717589,,1.1588343907001297
UK,Allocation,2022-06-06,,,
UK,Allocation,2022-06-13,,,
UK,Allocation,2022-06-20,,,
UK,Allocation,2022-06-27,8.372788783,,0.996923073660376
UK,Allocation,2022-07-04,,,
UK,Allocation,2022-07-11,,,
UK,Allocation,2022-07-18,,,
UK,Allocation,2022-07-25,,,
UK,Allocation,2022-08-01,7.192189643,,
UK,Allocation,2022-08-08,,,
UK,Allocation,2022-08-15,,,
UK,Allocation,2022-08-22,,,
UK,Allocation,2022-08-29,8.276287751,,2.246403253821023
UK,Allocation,2022-09-05,,,
UK,Allocation,2022-09-12,,,
UK,Allocation,2022-09-19,,,
UK,Allocation,2022-09-26,7.493137784,,-0.007872731880379957
UK,Allocation,2022-10-03,,,
UK,Allocation,2022-10-10,,,
UK,Allocation,2022-10-17,,,
UK,Allocation,2022-10-24,,,
UK,Allocation,2022-10-31,7.253707104,,-0.039527657078574197
UK,Allocation,2022-11-07,,,
UK,Allocation,2022-11-14,,,
UK,Allocation,2022-11-21,,,
UK,Allocation,2022-11-28,11.297604249,,0.4233655630798343
UK,Allocation,2022-12-05,,,
UK,Allocation,2022-12-12,,,
UK,Allocation,2022-12-19,,,
UK,Allocation,2022-12-26,3.569200713,,-0.5916721961684474
UK,Allocation,2023-01-02,3.934396016,0.10231851116409896,
UK,Allocation,2023-01-09,,,
UK,Allocation,2023-01-16,,,
UK,Allocation,2023-01-23,,,
UK,Allocation,2023-01-30,7.606732591,,-0.05875334941145949
UK,Allocation,2023-02-06,,,
UK,Allocation,2023-02-13,,,
UK,Allocation,2023-02-20,,,
UK,Allocation,2023-02-27,9.886491221,,0.12204869578493605
UK,Allocation,2023-03-06,,,
UK,Allocation,2023-03-13,,,
UK,Allocation,2023-03-20,,,
UK,Allocation,2023-03-27,9.144418484,,-0.17859966975837338
UK,Allocation,2023-04-03,,,
UK,Allocation,2023-04-10,,,
UK,Allocation,2023-04-17,,,
UK,Allocation,2023-04-24,,,
UK,Allocation,2023-05-01,8.398957283,,0.7539827169102673
UK,Allocation,2023-05-08,,,
UK,Allocation,2023-05-15,,,
UK,Allocation,2023-05-22,,,
UK,Allocation,2023-05-29,5.825499686,,-0.39492412068091454
UK,Allocation,2023-06-05,,,
UK,Allocation,2023-06-12,,,
UK,Allocation,2023-06-19,,,
UK,Allocation,2023-06-26,3.664935597,,-0.5622801802380066
UK,Allocation,2023-07-03,,,
UK,Allocation,2023-07-10,,,
UK,Allocation,2023-07-17,,,
UK,Allocation,2023-07-24,,,
UK,Allocation,2023-07-31,5.311031853,,-0.26155564346539295
UK,Allocation,2023-08-07,,,
UK,Allocation,2023-08-14,,,
UK,Allocation,2023-08-21,,,
UK,Allocation,2023-08-28,4.2398399950000005,,-0.48771235092838416
UK,Allocation,2023-09-04,,,
UK,Allocation,2023-09-11,,,
UK,Allocation,2023-09-18,,,
UK,Allocation,2023-09-25,2.269165516,,-0.6971675176125387
UK,Allocation,2023-10-02,2.884418045,0.27113602981440676,
UK,Allocation,2023-10-09,,,
UK,Allocation,2023-10-16,,,
UK,Allocation,2023-10-23,,,
UK,Allocation,2023-10-30,6.233009683,,-0.14071390068081802
UK,Allocation,2023-11-06,,,
UK,Allocation,2023-11-13,,,
UK,Allocation,2023-11-20,,,
UK,Allocation,2023-11-27,9.941054146,,-0.12007413900341513
UK,Allocation,2023-12-04,,,
UK,Allocation,2023-12-11,,,
UK,Allocation,2023-12-18,,,
UK,Allocation,2023-12-25,,,
UK,Allocation,2024-01-01,6.098412386000001,,0.5500250511640414
UK,Allocation,2024-01-08,,,
UK,Allocation,2024-01-15,,,
UK,Allocation,2024-01-22,,,
UK,Allocation,2024-01-29,5.876376613,,-0.22747690382166086
UK,Allocation,2024-02-05,,,
UK,Allocation,2024-02-12,,,
UK,Allocation,2024-02-19,,,
UK,Allocation,2024-02-26,5.905505595,,-0.4026692116555919
UK,Allocation,2024-03-04,,,
UK,Allocation,2024-03-11,,,
UK,Allocation,2024-03-18,,,
UK,Allocation,2024-03-25,,,
UK,Allocation,2024-04-01,5.1826011,,
UK,Allocation,2024-04-08,,,
UK,Allocation,2024-04-15,,,
UK,Allocation,2024-04-22,,,
UK,Allocation,2024-04-29,4.0502364779999995,,-0.5177691299611769
UK,Allocation,2024-05-06,,,
UK,Allocation,2024-05-13,,,
UK,Allocation,2024-05-20,,,
UK,Allocation,2024-05-27,4.008776174,,-0.31185711268099436
UK,Allocation,2024-06-03,,,
UK,Allocation,2024-06-10,,,
UK,Allocation,2024-06-17,,,
UK,Allocation,2024-06-24,,,
UK,Allocation,2024-07-01,5.418413383,,
UK,Allocation,2024-07-08,,,
UK,Allocation,2024-07-15,,,
UK,Allocation,2024-07-22,,,
UK,Allocation,2024-07-29,5.812080729,,0.09434115438734869
UK,Allocation,2024-08-05,,,
UK,Allocation,2024-08-12,,,
UK,Allocation,2024-08-19,,,
UK,Allocation,2024-08-26,2.585825789,,-0.3901124117774639
UK,Allocation,2024-09-02,2.132664766,-0.17524808706283646,
UK,Allocation,2024-09-09,,,
UK,Allocation,2024-09-16,,,
UK,Allocation,2024-09-23,,,
UK,Allocation,2024-09-30,5.546530889,,0.9229289244721806
UK,Allocation,2024-10-07,,,
UK,Allocation,2024-10-14,,,
UK,Allocation,2024-10-21,,,
UK,Allocation,2024-10-28,5.581901679,,-0.10446125340954326
UK,Allocation,2024-11-04,,,
UK,Allocation,2024-11-11,,,
UK,Allocation,2024-11-18,,,
UK,Allocation,2024-11-25,2.735726638,,-0.7248051768130869
UK,Allocation,2024-12-02,3.2209440320000002,0.1773632596401249,
UK,Allocation,2024-12-09,,,
UK,Allocation,2024-12-16,,,
UK,Allocation,2024-12-23,,,
UK,Allocation,2024-12-30,6.45536641,,0.05853228699644042
UK,Allocation,2025-01-06,,,
UK,Allocation,2025-01-13,,,
UK,Allocation,2025-01-20,,,
UK,Allocation,2025-01-27,7.293960148,,0.24123428914749168
UK,Allocation,2025-02-03,,,
UK,Allocation,2025-02-10,,,
UK,Allocation,2025-02-17,,,
UK,Allocation,2025-02-24,5.959873422,,0.009206295062362146
UK,Allocation,2025-03-03,,,
UK,Allocation,2025-03-10,,,
UK,Allocation,2025-03-17,,,
UK,Allocation,2025-03-24,,,
UK,Allocation,2025-03-31,4.667684973,,-0.0993547674352171
UK,Allocation,2025-04-07,,,
UK,Allocation,2025-04-14,,,
UK,Allocation,2025-04-21,,,
UK,Allocation,2025-04-28,4.709909625,,0.1628727484390604
UK,Allocation,2025-05-05,,,
UK,Allocation,2025-05-12,,,
UK,Allocation,2025-05-19,,,
UK,Allocation,2025-05-26,2.145460939,,-0.464808997590096
UK,Allocation,2025-06-02,2.423495832,0.12959214868278712,
UK,Allocation,2025-06-09,,,
UK,Allocation,2025-06-16,,,
UK,Allocation,2025-06-23,,,
UK,Allocation,2025-06-30,6.064615677,,0.1192604270518427
UK,Allocation,2025-07-07,,,
UK,Allocation,2025-07-14,,,
UK,Allocation,2025-07-21,,,
UK,Allocation,2025-07-28,4.991290471,,-0.14122141385693054
UK,Allocation,2025-08-04,,,
UK,Allocation,2025-08-11,,,
UK,Allocation,2025-08-18,,,
UK,Allocation,2025-08-25,,,
UK,Allocation,2025-09-01,3.620354937,,0.6975733808320441
UK,Allocation,2025-09-08,,,
UK,Allocation,2025-09-15,,,
UK,Allocation,2025-09-22,,,
UK,Allocation,2025-09-29,4.08994891,,-0.26261135260036583
UK,Allocation,2025-10-06,,,
UK,Allocation,2025-10-13,,,
UK,Allocation,2025-10-20,,,
UK,Allocation,2025-10-27,6.091357765,,0.0912692690228949
UK,Allocation,2025-11-03,,,
UK,Allocation,2025-11-10,,,
UK,Allocation,2025-11-17,,,
UK,Allocation,2025-11-24,,,
UK,Allocation,2025-12-01,6.941648989,,1.1551597668369542
UK,Allocation,2025-12-08,,,
UK,Allocation,2025-12-15,,,
UK,Allocation,2025-12-22,,,
UK,Allocation,2025-12-29,6.646420413,,0.029596151614885713
UK,Allocation,2026-01-05,,,
UK,Allocation,2026-01-12,,,
UK,Allocation,2026-01-19,,,
UK,Allocation,2026-01-26,3.42943743,,-0.5298250387424519
UK,Allocation,2026-02-02,3.650078507,0.06433739687736484,
UK,Allocation,2026-02-09,,,
UK,Allocation,2026-02-16,,,
UK,Allocation,2026-02-23,2.5988903060000004,,-0.5639353184236133
UK,Allocation,2026-03-02,2.897777891,0.11500584857697316,
UK,Allocation,2026-03-09,,,
UK,Allocation,2026-03-16,,,
UK,Allocation,2026-03-23,,,
UK,Allocation,2026-03-30,5.841285711,,0.2514310080454525
UK,Physical Flow,2019-10-28,4.846520012,,
UK,Physical Flow,2019-11-04,,,
UK,Physical Flow,2019-11-11,,,
UK,Physical Flow,2019-11-18,,,
UK,Physical Flow,2019-11-25,7.321712662,,
UK,Physical Flow,2019-12-02,0.007422044,-0.998986296739215,
UK,Physical Flow,2019-12-09,,,
UK,Physical Flow,2019-12-16,,,
UK,Physical Flow,2019-12-23,,,
UK,Physical Flow,2019-12-30,3.981192622,,
UK,Physical Flow,2020-01-06,,,
UK,Physical Flow,2020-01-13,,,
UK,Physical Flow,2020-01-20,,,
UK,Physical Flow,2020-01-27,5.384684632,,
UK,Physical Flow,2020-02-03,,,
UK,Physical Flow,2020-02-10,,,
UK,Physical Flow,2020-02-17,,,
UK,Physical Flow,2020-02-24,6.269473705,,
UK,Physical Flow,2020-03-02,0.008009289,-0.9987224942033631,
UK,Physical Flow,2020-03-09,,,
UK,Physical Flow,2020-03-16,,,
UK,Physical Flow,2020-03-23,,,
UK,Physical Flow,2020-03-30,6.345149806999999,,
UK,Physical Flow,2020-04-06,,,
UK,Physical Flow,2020-04-13,,,
UK,Physical Flow,2020-04-20,,,
UK,Physical Flow,2020-04-27,5.754381619,,
UK,Physical Flow,2020-05-04,,,
UK,Physical Flow,2020-05-11,,,
UK,Physical Flow,2020-05-18,,,
UK,Physical Flow,2020-05-25,,,
UK,Physical Flow,2020-06-01,4.38888897,,
UK,Physical Flow,2020-06-08,,,
UK,Physical Flow,2020-06-15,,,
UK,Physical Flow,2020-06-22,,,
UK,Physical Flow,2020-06-29,4.331067679999999,,
UK,Physical Flow,2020-07-06,,,
UK,Physical Flow,2020-07-13,,,
UK,Physical Flow,2020-07-20,,,
UK,Physical Flow,2020-07-27,3.1217175339999996,,
UK,Physical Flow,2020-08-03,,,
UK,Physical Flow,2020-08-10,,,
UK,Physical Flow,2020-08-17,,,
UK,Physical Flow,2020-08-24,,,
UK,Physical Flow,2020-08-31,281.48916921099993,,
UK,Physical Flow,2020-09-07,,,
UK,Physical Flow,2020-09-14,,,
UK,Physical Flow,2020-09-21,,,
UK,Physical Flow,2020-09-28,4.794870333,,
UK,Physical Flow,2020-10-05,,,
UK,Physical Flow,2020-10-12,,,
UK,Physical Flow,2020-10-19,,,
UK,Physical Flow,2020-10-26,4.72145397,,-0.025805328708090824
UK,Physical Flow,2020-11-02,0.006688448,-0.9985833923103988,
UK,Physical Flow,2020-11-09,,,
UK,Physical Flow,2020-11-16,,,
UK,Physical Flow,2020-11-23,,,
UK,Physical Flow,2020-11-30,6.793684221,,914.3387154535867
UK,Physical Flow,2020-12-07,,,
UK,Physical Flow,2020-12-14,,,
UK,Physical Flow,2020-12-21,,,
UK,Physical Flow,2020-12-28,7.046074551,,0.7698401509295272
UK,Physical Flow,2021-01-04,,,
UK,Physical Flow,2021-01-11,,,
UK,Physical Flow,2021-01-18,,,
UK,Physical Flow,2021-01-25,,,
UK,Physical Flow,2021-02-01,7.681209737,,
UK,Physical Flow,2021-02-08,,,
UK,Physical Flow,2021-02-15,,,
UK,Physical Flow,2021-02-22,,,
UK,Physical Flow,2021-03-01,6.729277738,,839.1841584190558
UK,Physical Flow,2021-03-08,,,
UK,Physical Flow,2021-03-15,,,
UK,Physical Flow,2021-03-22,,,
UK,Physical Flow,2021-03-29,4.619289666,,-0.2719967524007112
UK,Physical Flow,2021-04-05,,,
UK,Physical Flow,2021-04-12,,,
UK,Physical Flow,2021-04-19,,,
UK,Physical Flow,2021-04-26,5.147964498,,-0.10538354268992389
UK,Physical Flow,2021-05-03,,,
UK,Physical Flow,2021-05-10,,,
UK,Physical Flow,2021-05-17,,,
UK,Physical Flow,2021-05-24,,,
UK,Physical Flow,2021-05-31,3.38147096,,-0.2295382765173939
UK,Physical Flow,2021-06-07,,,
UK,Physical Flow,2021-06-14,,,
UK,Physical Flow,2021-06-21,,,
UK,Physical Flow,2021-06-28,2.991959971,,-0.3091865119503281
UK,Physical Flow,2021-07-05,,,
UK,Physical Flow,2021-07-12,,,
UK,Physical Flow,2021-07-19,,,
UK,Physical Flow,2021-07-26,3.125685114,,0.0012709606031895415
UK,Physical Flow,2021-08-02,,,
UK,Physical Flow,2021-08-09,,,
UK,Physical Flow,2021-08-16,,,
UK,Physical Flow,2021-08-23,,,
UK,Physical Flow,2021-08-30,3.567290475,,-0.9873270773259272
UK,Physical Flow,2021-09-06,,,
UK,Physical Flow,2021-09-13,,,
UK,Physical Flow,2021-09-20,,,
UK,Physical Flow,2021-09-27,11.402666611,,1.3780969701146661
UK,Physical Flow,2021-10-04,,,
UK,Physical Flow,2021-10-11,,,
UK,Physical Flow,2021-10-18,,,
UK,Physical Flow,2021-10-25,,,
UK,Physical Flow,2021-11-01,11.821366027,,1766.4303555922093
UK,Physical Flow,2021-11-08,,,
UK,Physical Flow,2021-11-15,,,
UK,Physical Flow,2021-11-22,,,
UK,Physical Flow,2021-11-29,13.791688956,,1.0300750678650066
UK,Physical Flow,2021-12-06,,,
UK,Physical Flow,2021-12-13,,,
UK,Physical Flow,2021-12-20,,,
UK,Physical Flow,2021-12-27,14.00136237,,0.9871152751304462
UK,Physical Flow,2022-01-03,,,
UK,Physical Flow,2022-01-10,,,
UK,Physical Flow,2022-01-17,,,
UK,Physical Flow,2022-01-24,,,
UK,Physical Flow,2022-01-31,13.365713711,,0.7400532166981499
UK,Physical Flow,2022-02-07,,,
UK,Physical Flow,2022-02-14,,,
UK,Physical Flow,2022-02-21,,,
UK,Physical Flow,2022-02-28,14.191714805,,1.1089506716092092
UK,Physical Flow,2022-03-07,,,
UK,Physical Flow,2022-03-14,,,
UK,Physical Flow,2022-03-21,,,
UK,Physical Flow,2022-03-28,17.022563448,,2.685104134796642
UK,Physical Flow,2022-04-04,,,
UK,Physical Flow,2022-04-11,,,
UK,Physical Flow,2022-04-18,,,
UK,Physical Flow,2022-04-25,6.493090814,,0.2612928501201952
UK,Physical Flow,2022-05-02,6.830813354,0.052012600728118974,
UK,Physical Flow,2022-05-09,,,
UK,Physical Flow,2022-05-16,,,
UK,Physical Flow,2022-05-23,,,
UK,Physical Flow,2022-05-30,13.215038516,,2.9080739335995953
UK,Physical Flow,2022-06-06,,,
UK,Physical Flow,2022-06-13,,,
UK,Physical Flow,2022-06-20,,,
UK,Physical Flow,2022-06-27,11.732698994,,2.9214090789050866
UK,Physical Flow,2022-07-04,,,
UK,Physical Flow,2022-07-11,,,
UK,Physical Flow,2022-07-18,,,
UK,Physical Flow,2022-07-25,,,
UK,Physical Flow,2022-08-01,10.103043101999999,,
UK,Physical Flow,2022-08-08,,,
UK,Physical Flow,2022-08-15,,,
UK,Physical Flow,2022-08-22,,,
UK,Physical Flow,2022-08-29,11.470557011,,2.2154816355402067
UK,Physical Flow,2022-09-05,,,
UK,Physical Flow,2022-09-12,,,
UK,Physical Flow,2022-09-19,,,
UK,Physical Flow,2022-09-26,11.545752678,,0.012548474131653053
UK,Physical Flow,2022-10-03,,,
UK,Physical Flow,2022-10-10,,,
UK,Physical Flow,2022-10-17,,,
UK,Physical Flow,2022-10-24,,,
UK,Physical Flow,2022-10-31,9.753354547,,-0.17493845256772023
UK,Physical Flow,2022-11-07,,,
UK,Physical Flow,2022-11-14,,,
UK,Physical Flow,2022-11-21,,,
UK,Physical Flow,2022-11-28,8.651622987,,-0.3726930026770827
UK,Physical Flow,2022-12-05,,,
UK,Physical Flow,2022-12-12,,,
UK,Physical Flow,2022-12-19,,,
UK,Physical Flow,2022-12-26,5.943047153999999,,-0.5755379371700384
UK,Physical Flow,2023-01-02,0.007759954,-0.9986942802574303,
UK,Physical Flow,2023-01-09,,,
UK,Physical Flow,2023-01-16,,,
UK,Physical Flow,2023-01-23,,,
UK,Physical Flow,2023-01-30,5.651490588,,-0.5771650724982373
UK,Physical Flow,2023-02-06,,,
UK,Physical Flow,2023-02-13,,,
UK,Physical Flow,2023-02-20,,,
UK,Physical Flow,2023-02-27,285.43397366700003,,19.112719117385055
UK,Physical Flow,2023-03-06,,,
UK,Physical Flow,2023-03-13,,,
UK,Physical Flow,2023-03-20,,,
UK,Physical Flow,2023-03-27,6.986756829,,-0.5895590666856418
UK,Physical Flow,2023-04-03,,,
UK,Physical Flow,2023-04-10,,,
UK,Physical Flow,2023-04-17,,,
UK,Physical Flow,2023-04-24,,,
UK,Physical Flow,2023-05-01,5.986661663,,-0.12357996731175225
UK,Physical Flow,2023-05-08,,,
UK,Physical Flow,2023-05-15,,,
UK,Physical Flow,2023-05-22,,,
UK,Physical Flow,2023-05-29,4.453418276,,-0.6630037611613421
UK,Physical Flow,2023-06-05,,,
UK,Physical Flow,2023-06-12,,,
UK,Physical Flow,2023-06-19,,,
UK,Physical Flow,2023-06-26,2.991474529,,-0.7450310000682866
UK,Physical Flow,2023-07-03,,,
UK,Physical Flow,2023-07-10,,,
UK,Physical Flow,2023-07-17,,,
UK,Physical Flow,2023-07-24,,,
UK,Physical Flow,2023-07-31,3.828361368,,-0.6210684910131545
UK,Physical Flow,2023-08-07,,,
UK,Physical Flow,2023-08-14,,,
UK,Physical Flow,2023-08-21,,,
UK,Physical Flow,2023-08-28,3.2123343180000004,,-0.7199495791774152
UK,Physical Flow,2023-09-04,,,
UK,Physical Flow,2023-09-11,,,
UK,Physical Flow,2023-09-18,,,
UK,Physical Flow,2023-09-25,3.579934321,,-0.6899349552306424
UK,Physical Flow,2023-10-02,0.00503741,-0.9985928764194218,
UK,Physical Flow,2023-10-09,,,
UK,Physical Flow,2023-10-16,,,
UK,Physical Flow,2023-10-23,,,
UK,Physical Flow,2023-10-30,5.040335284,,-0.48322033617138027
UK,Physical Flow,2023-11-06,,,
UK,Physical Flow,2023-11-13,,,
UK,Physical Flow,2023-11-20,,,
UK,Physical Flow,2023-11-27,8.158169618,,-0.057035930685082614
UK,Physical Flow,2023-12-04,,,
UK,Physical Flow,2023-12-11,,,
UK,Physical Flow,2023-12-18,,,
UK,Physical Flow,2023-12-25,,,
UK,Physical Flow,2024-01-01,5.195642998,,668.5455924094396
UK,Physical Flow,2024-01-08,,,
UK,Physical Flow,2024-01-15,,,
UK,Physical Flow,2024-01-22,,,
UK,Physical Flow,2024-01-29,5.423702293,,-0.04030587885675163
UK,Physical Flow,2024-02-05,,,
UK,Physical Flow,2024-02-12,,,
UK,Physical Flow,2024-02-19,,,
UK,Physical Flow,2024-02-26,5.395034338,,-0.9810988360331132
UK,Physical Flow,2024-03-04,,,
UK,Physical Flow,2024-03-11,,,
UK,Physical Flow,2024-03-18,,,
UK,Physical Flow,2024-03-25,,,
UK,Physical Flow,2024-04-01,4.462683688,,
UK,Physical Flow,2024-04-08,,,
UK,Physical Flow,2024-04-15,,,
UK,Physical Flow,2024-04-22,,,
UK,Physical Flow,2024-04-29,3.193884834,,-0.4664998602243542
UK,Physical Flow,2024-05-06,,,
UK,Physical Flow,2024-05-13,,,
UK,Physical Flow,2024-05-20,,,
UK,Physical Flow,2024-05-27,3.333099355,,-0.25156382166874636
UK,Physical Flow,2024-06-03,,,
UK,Physical Flow,2024-06-10,,,
UK,Physical Flow,2024-06-17,,,
UK,Physical Flow,2024-06-24,,,
UK,Physical Flow,2024-07-01,3.926078725,,
UK,Physical Flow,2024-07-08,,,
UK,Physical Flow,2024-07-15,,,
UK,Physical Flow,2024-07-22,,,
UK,Physical Flow,2024-07-29,4.338305782,,0.13320174481501557
UK,Physical Flow,2024-08-05,,,
UK,Physical Flow,2024-08-12,,,
UK,Physical Flow,2024-08-19,,,
UK,Physical Flow,2024-08-26,3.9044487439999997,,0.21545529122601104
UK,Physical Flow,2024-09-02,0.004046632,-0.9989635842943979,
UK,Physical Flow,2024-09-09,,,
UK,Physical Flow,2024-09-16,,,
UK,Physical Flow,2024-09-23,,,
UK,Physical Flow,2024-09-30,4.68429119,,928.9007208069225
UK,Physical Flow,2024-10-07,,,
UK,Physical Flow,2024-10-14,,,
UK,Physical Flow,2024-10-21,,,
UK,Physical Flow,2024-10-28,4.262647157,,-0.1542929355252789
UK,Physical Flow,2024-11-04,,,
UK,Physical Flow,2024-11-11,,,
UK,Physical Flow,2024-11-18,,,
UK,Physical Flow,2024-11-25,4.831581053,,-0.4077616329109278
UK,Physical Flow,2024-12-02,0.008463531,-0.9982482895542558,
UK,Physical Flow,2024-12-09,,,
UK,Physical Flow,2024-12-16,,,
UK,Physical Flow,2024-12-23,,,
UK,Physical Flow,2024-12-30,5.535837539,,0.06547688921870765
UK,Physical Flow,2025-01-06,,,
UK,Physical Flow,2025-01-13,,,
UK,Physical Flow,2025-01-20,,,
UK,Physical Flow,2025-01-27,6.018086880999999,,0.10959019427875516
UK,Physical Flow,2025-02-03,,,
UK,Physical Flow,2025-02-10,,,
UK,Physical Flow,2025-02-17,,,
UK,Physical Flow,2025-02-24,5.241639033,,-0.028432683721687946
UK,Physical Flow,2025-03-03,,,
UK,Physical Flow,2025-03-10,,,
UK,Physical Flow,2025-03-17,,,
UK,Physical Flow,2025-03-24,,,
UK,Physical Flow,2025-03-31,4.194119032000001,,-0.06018007879925713
UK,Physical Flow,2025-04-07,,,
UK,Physical Flow,2025-04-14,,,
UK,Physical Flow,2025-04-21,,,
UK,Physical Flow,2025-04-28,3.777042464,,0.18258567866695974
UK,Physical Flow,2025-05-05,,,
UK,Physical Flow,2025-05-12,,,
UK,Physical Flow,2025-05-19,,,
UK,Physical Flow,2025-05-26,3.37280472,,0.0119124456762556
UK,Physical Flow,2025-06-02,0.004287155,-0.9987289050639137,
UK,Physical Flow,2025-06-09,,,
UK,Physical Flow,2025-06-16,,,
UK,Physical Flow,2025-06-23,,,
UK,Physical Flow,2025-06-30,4.386776342,,0.11734293916890315
UK,Physical Flow,2025-07-07,,,
UK,Physical Flow,2025-07-14,,,
UK,Physical Flow,2025-07-21,,,
UK,Physical Flow,2025-07-28,4.157682045,,-0.04163462560648068
UK,Physical Flow,2025-08-04,,,
UK,Physical Flow,2025-08-11,,,
UK,Physical Flow,2025-08-18,,,
UK,Physical Flow,2025-08-25,,,
UK,Physical Flow,2025-09-01,2.255773178,,556.4446052915116
UK,Physical Flow,2025-09-08,,,
UK,Physical Flow,2025-09-15,,,
UK,Physical Flow,2025-09-22,,,
UK,Physical Flow,2025-09-29,6.275295156,,0.33964668323704283
UK,Physical Flow,2025-10-06,,,
UK,Physical Flow,2025-10-13,,,
UK,Physical Flow,2025-10-20,,,
UK,Physical Flow,2025-10-27,7.324201359,,0.718228389364201
UK,Physical Flow,2025-11-03,,,
UK,Physical Flow,2025-11-10,,,
UK,Physical Flow,2025-11-17,,,
UK,Physical Flow,2025-11-24,,,
UK,Physical Flow,2025-12-01,6.801259330000001,,802.5959613074024
UK,Physical Flow,2025-12-08,,,
UK,Physical Flow,2025-12-15,,,
UK,Physical Flow,2025-12-22,,,
UK,Physical Flow,2025-12-29,11.754276068000001,,1.1233058205178663
UK,Physical Flow,2026-01-05,,,
UK,Physical Flow,2026-01-12,,,
UK,Physical Flow,2026-01-19,,,
UK,Physical Flow,2026-01-26,5.535826838999999,,-0.08013510797302825
UK,Physical Flow,2026-02-02,5.641220496,0.01903846707369894,
UK,Physical Flow,2026-02-09,,,
UK,Physical Flow,2026-02-16,,,
UK,Physical Flow,2026-02-23,4.548357415,,-0.13226428100738696
UK,Physical Flow,2026-03-02,2.243233515,-0.5068035973597734,
UK,Physical Flow,2026-03-09,,,
UK,Physical Flow,2026-03-16,,,
UK,Physical Flow,2026-03-23,,,
UK,Physical Flow,2026-03-30,6.929194059,,0.6521214601045209
UK,Physical Flow,2026-04-06,,,
UK,Physical Flow,2026-04-13,,,
UK,Physical Flow,2026-04-20,,,
